HIP,RA,Dec,Umag,Bmag,Vmag,Rmag,Imag,Jmag,Hmag,Kmag,M_V,dist (pc),Type,Lstar (Lsun),Angdiam (mas), Mass (Msun), WDS_sep, WDS_dmag, Detection Coronagraph ID,Characterization Coronagraph ID, EEID (mas), nexozodis (zodis),Total BB Imaging Time (days),Total Spec Char Time (days),Total EEC Yield,Total HZ Completeness
      439.000,      1.35178,     -37.3574,      11.0740,      10.0220,      8.56000,      7.58900,      6.43000,      5.32800,      4.73200,      4.53500,      10.3699,      4.34531,M2V,    0.0211745,     0.714444,     0.332400,          NaN,          NaN,           4,           4,      33.4877,      255.793,      1.56187,     0.920083,     0.117634,     0.474173
      544.000,      1.65327,      29.0215,          NaN,      6.82200,      6.07000,      5.60000,      5.27000,      4.73300,      4.62900,      4.31400,      5.37398,      13.7786,K0V,     0.668409,     0.596112,     0.891276,      192.900,      4.19000,           1,           1,      59.3357,      2.46515,      1.96883,     0.728297,     0.218670,     0.881440
      910.000,      2.81607,     -15.4680,      5.35000,      5.37700,      4.89000,          NaN,      4.30000,      3.94000,      3.68000,      3.63000,      3.61487,      17.9898,F5V,      2.99538,     0.746612,      1.36814,          NaN,          NaN,           1,           1,      96.2054,      1.97908,      3.24710,      1.02077,     0.191360,     0.771358
      950.000,      2.93337,     -35.1331,          NaN,      5.69900,      5.24000,          NaN,      4.71000,      4.41000,      4.15900,      4.13000,      3.56291,      21.6480,F3/F5V,      3.11910,     0.614388,      1.38405,          NaN,          NaN,           1,           1,      81.5825,      2.72662,      4.07945,      1.95087,     0.166957,     0.672992
      1475.00,      4.59536,      44.0230,      10.3000,      9.65000,      8.09000,      7.30000,      5.61000,      5.25000,      4.48000,      4.02000,      10.3311,      3.56265,M1V,    0.0397541,      1.14448,     0.397945,      34.3000,      3.05000,           4,           4,      55.9652,      264.381,      3.03071,     0.227637,     0.217655,     0.877351
      1599.00,      5.01775,     -64.8748,      4.82000,      4.80600,      4.23000,      3.73000,      3.58000,      3.19000,      2.88000,      2.83000,      4.57404,      8.53476,F9V,      1.28056,      1.12392,      1.07321,          NaN,          NaN,           2,           1,      132.589,      1.25115,      1.72726,     0.126373,     0.245506,     0.989616
      2021.00,      6.43780,     -77.2542,      3.52000,      3.43800,      2.82000,      2.28000,      2.14000,      1.72000,      1.40000,      1.34000,      3.45666,      7.45879,G2IV,      3.64530,      2.26060,      1.44709,          NaN,          NaN,           3,           2,      255.975,      1.11589,     0.966539,    0.0566919,     0.179267,     0.722610
      3093.00,      9.84086,      21.2505,      7.29000,      6.73000,      5.88000,      5.21000,      5.05000,      4.47000,      4.03000,      3.99900,      5.64612,      11.1372,K0V,     0.560743,     0.741515,     0.847653,      172.000,      5.51000,           1,           1,      67.2366,      4.45846,      1.95963,     0.466359,     0.231488,     0.933108
      3497.00,      11.1636,     -65.6495,      7.31000,      7.20500,      6.55000,          NaN,      5.83000,      5.36600,      5.10100,      4.94500,      4.83494,      22.0298,G3V,      1.03204,     0.423986,      1.00905,          NaN,          NaN,           1,           1,      46.1145,     0.556068,      1.72639,      1.43536,    0.0952530,     0.383957
      3505.00,      11.1850,     -22.0061,          NaN,      5.57000,      5.22000,          NaN,      4.80000,      4.33400,      4.46900,      4.35900,      3.04339,      27.2472,F0V,      4.89513,     0.539759,      1.57426,          NaN,          NaN,           1,           1,      81.2008,     0.123055,      3.37691,      1.25698,     0.132640,     0.534660
      3583.00,      11.4400,     -47.5520,          NaN,      6.43500,      5.80000,          NaN,      5.08000,      4.66600,      4.15500,      4.29800,      4.92042,      14.9939,G5IV,     0.950055,     0.584763,     0.985468,      16.6000,      7.64000,           1,           1,      65.0070,      6.06370,      2.55395,      1.22966,     0.198190,     0.798889
      3765.00,      12.0957,      5.28061,      7.22000,      6.63000,      5.74000,      4.99000,      4.77000,      4.37000,      3.72000,      3.61000,      6.38359,      7.43500,K2V,     0.291211,     0.837401,     0.702937,      2.70000,          NaN,           1,           1,      72.5810,     0.348517,      1.10307,    0.0647302,     0.247264,     0.996702
      3810.00,      12.2446,      16.9406,          NaN,      5.57100,      5.07000,      4.80000,      4.50000,      4.43300,      4.15200,      4.18200,      3.23971,      23.2305,F8V...,      4.25197,     0.698787,      1.51216,      85.6000,      7.78000,           1,           1,      88.7639,      2.85995,      3.87008,      1.79760,     0.131085,     0.528393
      3821.00,      12.2762,      57.8152,      4.04000,      4.04700,      3.46000,      2.94000,      2.80000,      2.37000,      2.02000,      1.99000,      4.62861,      5.83819,G0VSB,      1.22036,      1.62312,      1.05855,      12.9000,      3.84000,           3,           1,      189.219,     0.732871,      1.07393,    0.0630691,     0.244707,     0.986394
      3909.00,      12.5316,     -10.6443,          NaN,      5.68400,      5.17000,          NaN,      4.58000,      4.41000,      4.01200,      4.01500,      4.16575,      15.8800,F7IV-V,      1.82153,     0.677708,      1.18689,          NaN,          NaN,           1,           1,      84.9900,      10.8118,      3.54183,      1.86197,     0.178602,     0.719930
      4148.00,      13.2547,     -30.3569,      8.80100,      8.08600,      7.15000,      6.63900,      6.15000,      5.53700,      5.04900,      4.89400,      6.42296,      13.9768,K2V,     0.292614,     0.468619,     0.703903,          NaN,          NaN,           1,           1,      38.7026,      2.44669,      1.67785,      1.59861,     0.126534,     0.510050
      4151.00,      13.2675,      61.1240,      5.43000,      5.34000,      4.80000,      4.32000,      4.19000,      3.85000,      3.56000,      3.54000,      3.42913,      18.8007,F8V,      3.63259,     0.828639,      1.44565,      144.600,      4.94000,           1,           1,      101.376,      8.15501,      4.24493,      1.65836,     0.150508,     0.606685
      5862.00,      18.7963,     -45.5317,      5.65000,      5.54100,      4.97000,      4.47000,      4.35000,      4.00000,      3.71000,      3.67000,      4.06408,      15.1769,F8V,      2.04585,     0.794669,      1.22693,          NaN,          NaN,           1,           1,      94.2440,      2.33512,      2.93376,     0.826177,     0.218441,     0.880518
      7339.00,      23.6386,      68.9481,          NaN,      7.20600,      6.52000,      6.10000,      5.78000,      5.29600,      4.94100,      4.88800,      4.90313,      21.0559,G6V,     0.985255,     0.446293,     0.995765,          NaN,          NaN,           1,           1,      47.1412,     0.190346,      1.79258,      1.60532,     0.127999,     0.515955
      7513.00,      24.1993,      41.4055,      4.70000,      4.63600,      4.10000,      3.64000,      3.52000,      3.17000,      2.96000,      2.86000,      3.46285,      13.4100,F8V,      3.51554,      1.13847,      1.43218,      110.300,      8.45000,           3,           1,      139.819,      2.21254,      1.68647,     0.332432,     0.181909,     0.733259
      7751.00,      24.9481,     -56.1964,          NaN,      6.64000,      5.76000,          NaN,      4.83000,          NaN,          NaN,          NaN,      6.19417,      8.18777,K0V,     0.345432,     0.817769,     0.738080,      11.5000,     0.120000,           1,           1,      71.7820,     0.903201,      1.87820,     0.165260,     0.219848,     0.886192
      7978.00,      25.6221,     -53.7408,          NaN,      6.07100,      5.52000,          NaN,      4.90000,      4.79000,      4.40000,      4.34000,      4.32421,      17.3444,F8V,      1.60009,     0.602537,      1.14374,          NaN,          NaN,           1,           1,      72.9311,      1.08430,      3.05484,      1.16253,     0.216515,     0.872754
      7981.00,      25.6240,      20.2685,      6.57000,      6.07600,      5.24000,      4.55000,      4.36000,      3.83000,      3.39000,      3.25000,      5.83447,      7.60512,K1V,     0.462632,     0.976510,     0.802330,      54.1000,      6.36000,           1,           1,      89.4359,      2.86923,      1.45634,     0.102780,     0.246712,     0.994475
      8102.00,      26.0170,     -15.9375,      4.43000,      4.21700,      3.49000,      2.88000,      2.67000,      2.14000,      1.72000,      1.68000,      5.70644,      3.60339,G8V,     0.486334,      1.89498,     0.813866,      137.000,      10.3200,           3,           3,      193.533,      146.257,      1.54460,     0.105718,     0.246907,     0.995264
      10138.0,      32.6081,     -50.8237,          NaN,      6.93200,      6.12000,      6.10000,      5.24000,      4.79000,      4.25000,      4.12500,      5.95550,      10.7870,K0V,     0.405432,     0.630193,     0.772639,      2.40000,      7.03000,           1,           1,      59.0280,      1.88376,      1.95302,     0.439002,     0.196294,     0.791245
      10644.0,      34.2635,      34.2242,      5.50000,      5.44700,      4.84000,      4.50000,      4.08000,      3.53000,      3.29000,      3.08000,      4.63151,      11.0078,G0V,      1.23026,     0.880196,      1.06100,      0.00000,          NaN,           1,           1,      100.762,      7.90621,      2.28822,     0.505124,     0.228187,     0.919806
      10723.0,      34.5060,      1.75780,          NaN,      6.18800,      5.60000,      5.20000,      4.94000,      4.84700,      4.36300,      4.27800,      3.79083,      23.0056,G0.5IV,      2.64039,     0.606544,      1.31970,          NaN,          NaN,           1,           1,      70.6318,      1.15155,      3.26422,      1.45750,     0.139945,     0.564109
      10798.0,      34.7438,     -25.9457,          NaN,      7.05400,      6.33000,          NaN,      5.50000,      5.05600,      4.69400,      4.55100,      5.78811,      12.8344,G8V,     0.450601,     0.510474,     0.796312,          NaN,          NaN,           1,           1,      52.3023,      9.16315,      2.71674,      1.61132,     0.206070,     0.830654
      12114.0,      39.0204,      6.88687,          NaN,      6.70800,      5.79000,      5.20000,      4.73000,      4.15000,      3.66000,      3.52000,      6.49267,      7.23545,K3V,     0.269375,     0.852993,     0.687456,      1.70000,      10.8400,           1,           1,      71.7320,     0.258520,      1.02996,    0.0560713,     0.246513,     0.993675
      12653.0,      40.6394,     -50.8003,          NaN,      5.96100,      5.40000,      5.40000,      4.78000,      4.75000,      4.32000,      4.13800,      4.20642,      17.3267,G3IV,      1.78949,     0.644296,      1.18089,          NaN,          NaN,           1,           1,      77.2056,      2.92922,      3.29779,      1.58425,     0.203065,     0.818538
      12777.0,      41.0499,      49.2284,      4.62000,      4.61400,      4.10000,      3.67000,      3.51000,      3.34000,      3.07000,      2.78000,      3.86385,      11.1488,F7V,      2.40544,      1.10928,      1.28503,      19.9000,      5.84000,           3,           1,      139.113,      2.17284,      1.66181,     0.312668,     0.218576,     0.881065
      12843.0,      41.2758,     -18.5726,      4.94000,      4.95100,      4.47000,      4.03000,      3.93000,      3.58000,      3.35000,      3.32000,      3.71848,      14.1353,F5/F6V,      2.71765,     0.899443,      1.33062,          NaN,          NaN,           3,           1,      116.625,      4.46484,      2.45423,     0.728810,     0.200125,     0.806687
      14150.0,      45.6084,      26.6092,          NaN,      7.31600,      6.62000,      6.20000,      5.87000,      5.34000,      5.02400,      4.95100,      4.98764,      21.2066,G8V,     0.918024,     0.431448,     0.975859,          NaN,          NaN,           1,           1,      45.1810,      1.23654,      1.99928,      1.46494,    0.0844489,     0.340407
      14632.0,      47.2668,      49.6133,      4.76000,      4.64500,      4.05000,      3.70000,      3.40000,      3.14000,      2.88000,      2.64000,      3.94224,      10.5088,G0V,      2.30508,      1.24864,      1.26948,      154.400,      8.35000,           3,           1,      144.474,     0.497077,      1.53729,     0.173343,     0.223790,     0.902078
      15330.0,      49.4423,     -62.5753,      6.24000,      6.17100,      5.53000,      5.00000,      4.81000,      4.41000,      4.07000,      4.00000,      5.12703,      12.0391,G2V,     0.785748,     0.666933,     0.933428,      309.200,    -0.270000,           1,           1,      73.6288,      4.51998,      2.33789,     0.618380,     0.236494,     0.953291
      15371.0,      49.5534,     -62.5064,          NaN,      5.84000,      5.24000,          NaN,      4.57000,      4.27000,      3.87400,      3.86000,      4.83571,      12.0464,G1V,      1.01529,     0.726099,      1.00434,      0.00000,          NaN,           1,           1,      83.6446,     0.622423,      1.90132,     0.297208,     0.242768,     0.978581
      15457.0,      49.8404,      3.37020,      5.71000,      5.52100,      4.84000,      4.27000,      4.11000,      3.66000,      3.35000,      3.34000,      5.03391,      9.14571,G5Vvar,     0.871993,     0.961563,     0.961621,      263.600,      3.94000,           2,           1,      102.103,     0.532629,      1.66898,     0.122362,     0.246109,     0.992045
      15510.0,      49.9819,     -43.0698,      5.20000,      4.97100,      4.26000,      3.65000,      3.47000,      2.99000,      2.60000,      2.53000,      5.36787,      6.00381,G8V,     0.657534,      1.30302,     0.887108,          NaN,          NaN,           3,           4,      135.062,      139.145,      2.36159,     0.604885,     0.237792,     0.958521
      16537.0,      53.2327,     -9.45826,      5.19000,      4.60100,      3.72000,      3.00000,      2.78000,      2.23000,      1.75000,      1.67000,      6.19230,      3.20288,K2V,     0.346181,      2.09536,     0.738537,      0.00000,          NaN,           3,           4,      183.701,      297.000,      1.55736,     0.129800,     0.246904,     0.995250
      16852.0,      54.2183,     0.401662,      5.23000,      4.86500,      4.29000,      4.09000,      3.63000,      3.26000,      3.01000,      2.91000,      3.56517,      13.9626,F9V,      3.24229,      1.09201,      1.39945,          NaN,          NaN,           2,           1,      128.961,     0.361049,      1.96005,     0.266847,     0.197726,     0.797019
      17378.0,      55.8121,     -9.76340,      5.13000,      4.43500,      3.52000,      2.82000,      2.58000,      1.98000,      1.52000,      1.43000,      3.73124,      9.07301,K0IV,      3.41736,      2.41540,      1.42064,          NaN,          NaN,           3,           1,      203.748,      4.07724,      1.47098,     0.117271,     0.188301,     0.759026
      17420.0,      55.9806,     -19.1109,      8.71100,      8.02700,      7.10000,      6.55500,      6.13000,      5.45700,      5.02500,      4.83700,      6.37635,      13.9550,K2V,     0.302539,     0.472991,     0.710644,          NaN,          NaN,           1,           1,      39.4149,     0.178539,      1.51328,      1.77812,     0.182339,     0.734995
      17651.0,      56.7120,     -23.2497,          NaN,      4.65400,      4.22000,          NaN,      3.71000,      3.61000,      3.39300,      3.35300,      2.98778,      17.6378,F3/F5V,      5.28689,     0.953106,      1.60927,          NaN,          NaN,           2,           1,      130.363,     0.964476,      1.90101,     0.399699,     0.136706,     0.551052
      18859.0,      60.6531,    -0.268923,          NaN,      5.89600,      5.38000,          NaN,      4.80000,      4.71200,      4.34200,      4.18100,      4.01254,      18.7712,F5V,      2.09943,     0.616695,      1.23603,          NaN,          NaN,           1,           1,      77.1896,      1.25568,      3.47210,      1.54843,     0.205181,     0.827068
      19335.0,      62.1526,      38.0397,      7.78000,      6.04000,      5.52000,      5.20000,      4.93000,      4.79400,      4.51200,      4.28400,      3.87657,      21.3150,F7V,      2.38381,     0.580931,      1.28172,      745.900,      1.75000,           1,           1,      72.4353,     0.216471,      3.33850,      1.43407,     0.186867,     0.753246
      19849.0,      63.8180,     -7.65287,      5.69000,      5.25000,      4.43000,      3.74000,      3.54000,      2.93000,      2.48000,      2.41000,      5.91952,      5.03612,K1V,     0.420357,      1.38730,     0.780661,      83.7000,      5.19000,           3,           4,      128.740,      273.686,      2.70161,     0.537038,     0.237543,     0.957518
      19884.0,      63.9871,     -53.3098,      9.84300,      8.75500,      7.64000,      6.96700,      6.41000,      5.62400,      5.09800,      4.92300,      7.06071,      13.0574,K5V,     0.207542,     0.506754,     0.638098,          NaN,          NaN,           1,           1,      34.8896,      2.33436,      1.68490,      1.34003,    0.0939668,     0.378773
      21770.0,      70.1405,     -41.8638,      4.79000,      4.78200,      4.44000,      4.11000,      4.04000,      3.86000,      3.65000,      3.67000,      2.89565,      20.3644,F2V,      5.60044,     0.764708,      1.63598,      7.50000,      8.05000,           1,           1,      116.209,      1.16621,      2.12764,     0.663924,     0.123281,     0.496937
      22263.0,      71.9012,     -16.9345,          NaN,      6.12200,      5.49000,          NaN,      4.80000,      4.46600,      4.11600,      3.99900,      4.88035,      13.2413,G3V,     0.985422,     0.672096,     0.995813,          NaN,          NaN,           1,           1,      74.9688,      1.40864,      2.11063,     0.505974,     0.235984,     0.951233
      22449.0,      72.4600,      6.96128,      3.62000,      3.67400,      3.19000,      2.77000,      2.66000,      2.36000,      2.15000,      2.05000,      3.66321,      8.04189,F6V,      2.86231,      1.62755,      1.35049,      73.1000,      8.09000,           3,           1,      210.378,      3.59093,      1.10000,     0.128763,     0.206006,     0.830393
      23311.0,      75.2042,     -5.75367,      8.27000,      7.26900,      6.22000,      5.36000,      5.12000,      4.45000,      3.87000,      3.80000,      6.48585,      8.84771,K3V,     0.317315,     0.865098,     0.720392,          NaN,          NaN,           1,           1,      63.6670,      1.83349,      1.53941,     0.144691,     0.244213,     0.984404
      23693.0,      76.3777,     -57.4727,          NaN,      5.23600,      4.71000,          NaN,      4.11000,      3.70100,      3.40700,      3.37100,      4.38310,      11.6247,F7V,      1.49933,     0.849575,      1.12268,      321.700,      4.34000,           2,           1,      105.334,     0.357610,      2.15755,     0.240174,     0.242387,     0.977042
      23941.0,      77.1821,     -4.45621,          NaN,      5.56500,      5.11000,          NaN,      4.56000,      4.32800,      3.92500,      3.92700,      3.10981,      25.1211,F2V,      4.73108,     0.649127,      1.55900,          NaN,          NaN,           1,           1,      86.5848,      1.23376,      3.64895,      1.36332,     0.130420,     0.525712
      24186.0,      77.9191,     -45.0184,      11.6240,      10.4030,      8.86000,      7.90000,      6.90000,      5.82100,      5.31600,      5.04900,      10.8861,      3.93350,M0V,    0.0215138,     0.767374,     0.333913,          NaN,          NaN,           1,           1,      37.2889,      7.08868,      1.10642,     0.226561,     0.244809,     0.986805
      25110.0,      80.6397,      79.2311,          NaN,      5.58500,      5.08000,      4.80000,      4.50000,      4.41600,      4.20100,      3.91100,      3.47249,      20.9654,F6V,      3.43668,     0.698891,      1.42293,      31.1000,      4.00000,           1,           1,      88.4232,     0.874780,      3.33276,      1.20683,     0.178121,     0.717993
      25278.0,      81.1061,      17.3835,          NaN,      5.54400,      5.00000,      4.70000,      4.38000,      4.43100,      4.02900,      4.03800,      4.18044,      14.5852,F8VSB,      1.82145,     0.759293,      1.18687,      106.700,      3.73000,           1,           1,      92.5329,      4.17469,      3.08751,      1.30668,     0.219193,     0.883549
      25623.0,      82.1087,     -3.49956,      9.86400,      8.76300,      7.65000,      6.96800,      6.39000,      5.61500,      5.11100,      4.88000,      7.09104,      12.9358,K5V,     0.200553,     0.502544,     0.631883,      44.1000,      2.46000,           1,           1,      34.6195,      1.24940,      1.51915,      1.31995,     0.101441,     0.408900
      25878.0,      82.8642,     -3.67723,      10.6260,      9.44400,      7.97000,      6.99600,      5.89000,      4.83000,      4.05000,      3.90000,      9.19050,      5.70032,M1V,    0.0659411,     0.966474,     0.459850,      276.500,      2.55000,           1,           1,      45.0484,      4.77886,      1.35866,     0.122034,     0.240337,     0.968779
      26394.0,      84.2912,     -80.4691,          NaN,      6.25000,      5.65000,          NaN,      5.01000,      4.87000,      4.42000,      4.24100,      4.34014,      18.2798,G3IV,      1.60256,     0.601168,      1.14424,          NaN,          NaN,           1,           1,      69.2525,      4.08935,      2.59540,      1.37948,     0.159479,     0.642849
      27072.0,      86.1158,     -22.4484,      4.08000,      4.07100,      3.59000,      3.15000,      3.02000,      2.69000,      2.46000,      2.41000,      3.84790,      8.88013,F7V,      2.41225,      1.34888,      1.28607,      95.0000,      2.64000,           3,           1,      174.901,      4.73721,      1.29765,     0.200147,     0.219818,     0.886071
      27435.0,      87.1456,     -4.09465,      6.71000,      6.60900,      5.97000,          NaN,      5.27000,      4.83000,      4.59500,      4.40500,      5.05298,      15.2547,G4V,     0.841137,     0.543310,     0.951773,          NaN,          NaN,           1,           1,      60.1215,      2.09249,      2.44581,      1.02248,     0.218066,     0.879009
      28103.0,      89.1012,     -14.1677,      4.05000,      4.04700,      3.71000,      3.39000,      3.32000,      3.10000,      2.93000,      2.90000,      2.90197,      14.5080,F1V,      5.56383,      1.06299,      1.63292,          NaN,          NaN,           3,           1,      162.585,      1.32076,      1.21493,     0.212748,     0.125928,     0.507606
      29271.0,      92.5603,     -74.7530,          NaN,      5.79400,      5.08000,          NaN,      4.33000,      3.95100,      3.50800,      3.44600,      5.03388,      10.2147,G5V,     0.897038,     0.896535,     0.969432,          NaN,          NaN,           1,           1,      92.7214,      10.4732,      2.33912,     0.581912,     0.235541,     0.949447
      29525.0,      93.3021,      10.6271,          NaN,      7.09300,      6.43000,      6.00000,      5.74000,      5.25000,      5.01000,      4.84900,      5.07718,      18.6451,G8V,     0.831371,     0.452403,     0.948602,          NaN,          NaN,           1,           1,      48.9027,     0.517230,      2.31015,      2.03758,     0.175495,     0.707405
      29568.0,      93.4387,     -23.8619,          NaN,      7.08300,      6.37000,      5.94000,      5.61000,      5.12900,      4.86300,      4.72600,      5.25211,      16.7331,G5V,     0.733085,     0.494344,     0.915109,      24.6000,      6.05000,           1,           1,      51.1683,      4.11336,      2.64197,      1.84795,     0.161852,     0.652413
      29650.0,      93.7120,      19.1564,          NaN,      5.63000,      5.20000,      4.90000,      4.70000,      4.00800,      3.83000,      4.12900,      3.60125,      20.8810,F6V,      3.00617,     0.603935,      1.36954,      8.00000,      6.00000,           1,           1,      83.0339,      5.06328,      4.20978,      2.13929,     0.148743,     0.599573
      29800.0,      94.1109,      12.2722,          NaN,      5.47100,      5.04000,      4.80000,      4.54000,      4.47000,      4.20000,      4.24000,      3.58605,      19.5339,F5IV-V,      3.04825,     0.650921,      1.37499,      32.1000,      7.46000,           1,           1,      89.3792,      2.98175,      3.64990,      1.94655,     0.179943,     0.725338
      30314.0,      95.6289,     -60.2187,      7.18600,      7.14400,      6.53000,      6.50000,      5.87000,      5.43000,      5.16000,      5.04500,      4.63895,      23.8896,G1V,      1.22528,     0.407539,      1.05977,      999.900,      3.33000,           1,           1,      46.3350,     0.251238,      1.95432,      1.53645,    0.0871836,     0.351430
      32439.0,      101.559,      79.5648,          NaN,      5.96500,      5.44000,      5.10000,      4.84000,      4.51200,      4.26200,      4.14100,      4.13902,      18.2053,F8V,      1.87637,     0.606302,      1.19699,          NaN,          NaN,           1,           1,      75.2422,     0.491402,      2.76967,     0.914085,     0.211503,     0.852552
      32480.0,      101.685,      43.5774,          NaN,      5.81500,      5.24000,      4.90000,      4.59000,      4.40600,      4.07100,      4.13200,      4.13318,      16.6481,G0V,      1.92154,     0.705061,      1.20515,      29.4000,      3.34000,           1,           1,      83.2645,      1.04319,      3.44216,      1.04393,     0.224719,     0.905826
      33277.0,      103.828,      25.3757,          NaN,      6.31300,      5.74000,          NaN,      5.04000,      4.91300,      4.50900,      4.29300,      4.52859,      17.4695,G0V,      1.33438,     0.558736,      1.08591,          NaN,          NaN,           1,           1,      66.1240,      2.37051,      2.65710,      1.40871,     0.192126,     0.774444
      33690.0,      104.999,     -61.3362,      8.03500,      7.59600,      6.81000,      6.37500,      5.99000,      5.45900,      5.09700,      4.98700,      5.49061,      18.3602,K0IV-V,     0.619009,     0.443049,     0.871937,          NaN,          NaN,           1,           1,      42.8520,      2.76793,      1.95559,      1.48878,    0.0892226,     0.359650
      33817.0,      105.307,     -25.9487,      8.20300,      7.59200,      6.71000,          NaN,      5.80000,      5.15200,      4.84500,      4.63600,      5.87741,      14.6730,K1V,     0.462853,     0.529524,     0.802440,          NaN,          NaN,           1,           1,      46.3663,      3.93681,      2.39587,      1.74052,     0.173527,     0.699475
      34069.0,      105.996,     -43.6113,      7.97800,      7.60900,      6.83000,      6.42700,      6.00000,      5.45800,      5.07900,      4.94300,      5.67095,      17.0533,K0V,     0.522519,     0.434979,     0.830726,      20.9000,     -1.07000,           1,           1,      42.3880,     0.543836,      1.37982,      1.97578,     0.107868,     0.434806
      34834.0,      108.140,     -46.7593,      4.80000,      4.81400,      4.49000,      4.17000,      4.09000,      3.87000,      3.29800,      3.71000,      2.89361,      20.8582,F0IV,      5.60977,     0.729006,      1.63676,          NaN,          NaN,           1,           1,      113.552,      2.12029,      2.36799,     0.805404,     0.121208,     0.488582
      35136.0,      108.959,      47.2400,      6.19000,      6.11600,      5.54000,      5.20000,      4.89000,      4.48000,      4.13000,      4.11500,      4.40480,      16.8671,G0V,      1.49658,     0.614805,      1.12209,          NaN,          NaN,           1,           1,      72.5286,      2.75021,      2.99036,      1.17413,     0.202643,     0.816837
      36208.0,      111.852,      5.22578,      12.5580,      11.4130,      9.84000,      8.69900,      7.13000,      5.71400,      5.21900,      4.85700,      11.9396,      3.80257,M5,   0.00973057,     0.529305,     0.266184,          NaN,          NaN,           4,           4,      25.9413,      139.672,      1.73821,     0.828759,    0.0750020,     0.302327
      36366.0,      112.278,      31.7845,      4.48000,      4.48000,      4.16000,      3.86000,      3.76000,      3.22000,      3.16000,      2.98000,      2.87794,      18.0473,F0V...,      5.69242,     0.843924,      1.64361,      3.40000,      8.34000,           3,           1,      132.201,      2.18982,      2.31525,     0.669518,     0.117446,     0.473415
      37349.0,      114.997,     -3.59751,      8.89000,      8.07100,      7.18000,      6.62600,      6.17000,      5.49300,      5.06300,      4.88500,      6.43389,      14.1001,K2V,     0.278108,     0.432083,     0.693751,      57.9000,      1.71000,           1,           1,      37.4011,      1.35976,      1.64773,      1.69445,     0.132542,     0.534266
      37606.0,      115.738,     -45.1731,          NaN,      5.80500,      5.04000,          NaN,      4.24000,      3.68000,      3.15900,      3.11600,      3.28166,      22.4734,G5IV,      4.64849,     0.974034,      1.55117,          NaN,          NaN,           1,           1,      95.9372,     0.841337,      3.71186,     0.621730,     0.140888,     0.567908
      38784.0,      119.072,      80.2655,          NaN,      7.26900,      6.55000,      6.10000,      5.78000,      5.23500,      4.93300,      4.86200,      5.37867,      17.1501,G8V,     0.655302,     0.458422,     0.886247,          NaN,          NaN,           1,           1,      47.2013,      1.64202,      2.19306,      1.91764,     0.173392,     0.698929
      38908.0,      119.445,     -60.3031,      6.17000,      6.16300,      5.59000,          NaN,      4.94000,      4.56000,      4.36000,      4.24200,      4.54251,      16.1993,G2V...,      1.31739,     0.598696,      1.08194,      60.5000,      4.23000,           1,           1,      70.8534,      2.20824,      3.44447,      1.16751,     0.224160,     0.903572
      39157.0,      120.134,      29.2124,      7.89000,      7.68600,      6.97000,      6.40000,      6.19000,      5.53900,      5.17000,      5.09500,      5.80500,      17.1001,G8V,     0.441600,     0.376397,     0.791735,          NaN,          NaN,           1,           1,      38.8612,      2.39036,      1.87696,      1.44844,    0.0776191,     0.312877
      40035.0,      122.666,     -13.7992,          NaN,      6.01800,      5.53000,          NaN,      4.97000,      4.14300,      4.40300,      4.34800,      3.75517,      22.6447,F7V,      2.63310,     0.556691,      1.31866,      97.3000,      6.73000,           1,           1,      71.6584,      1.64497,      3.14797,      1.18381,     0.149531,     0.602746
      40693.0,      124.600,     -12.6322,          NaN,      6.70400,      5.95000,          NaN,      5.16000,      4.95300,      4.36400,      4.16500,      5.45442,      12.5637,K0V,     0.621741,     0.631594,     0.873034,          NaN,          NaN,           1,           1,      62.7606,      4.40235,      2.32826,     0.866765,     0.227955,     0.918869
      40843.0,      125.016,      27.2177,          NaN,      5.61700,      5.13000,      4.80000,      4.57000,      4.12700,      3.94200,      3.86800,      3.82644,      18.2269,F6V,      2.46504,     0.668490,      1.29405,          NaN,          NaN,           1,           1,      86.1389,      2.66278,      3.33656,      1.28764,     0.191105,     0.770328
      41484.0,      126.903,      45.6530,          NaN,      6.94400,      6.32000,      5.90000,      5.63000,      5.15800,      4.87800,      4.83000,      4.60907,      21.9880,G5V,      1.26322,     0.454264,      1.06904,          NaN,          NaN,           1,           1,      51.1156,      2.04230,      2.65682,      1.70419,     0.105978,     0.427187
      41926.0,      128.215,     -31.5009,          NaN,      7.16000,      6.38000,          NaN,      5.54000,      5.33300,      4.76300,      4.43800,      5.95145,      12.1818,K0V,     0.403771,     0.535840,     0.771733,          NaN,          NaN,           1,           1,      52.1622,      5.84417,      2.20559,      1.29776,     0.220595,     0.889203
      42438.0,      129.799,      65.0209,      6.33000,      6.24800,      5.63000,      5.12000,      4.97000,      4.55000,      4.28200,      4.17300,      4.83054,      14.4508,G1.5Vb,      1.02844,     0.619759,      1.00804,          NaN,          NaN,           1,           1,      70.1775,      2.20382,      2.36955,     0.769813,     0.224580,     0.905263
      42808.0,      130.825,     -38.8824,          NaN,      7.49700,      6.58000,          NaN,      5.61000,      4.93700,      4.44100,      4.35800,      6.33662,      11.1860,K2V,     0.310715,     0.591960,     0.716078,          NaN,          NaN,           1,           1,      49.8318,      2.48635,      1.54076,     0.571414,     0.232579,     0.937508
      43587.0,      133.149,      28.3308,      7.45000,      6.82900,      5.96000,      5.40000,      5.14000,      4.59000,      4.14000,      4.01500,      5.45985,      12.5901,G8V,     0.675383,     0.734135,     0.893923,      85.1000,      7.11000,           1,           1,      65.2748,      1.33607,      2.05976,     0.452683,     0.231506,     0.933181
      43726.0,      133.575,     -5.43446,      6.89000,      6.67100,      6.01000,          NaN,      5.31000,      4.87100,      4.53000,      4.45600,      4.87699,      16.8501,G3V,     0.998169,     0.547621,     0.999476,          NaN,          NaN,           1,           1,      59.2925,     0.476893,      2.56179,     0.991239,     0.215914,     0.870332
      44897.0,      137.213,      33.8822,          NaN,      6.53500,      5.95000,      5.60000,      5.29000,      4.84400,      4.60100,      4.54500,      4.55161,      19.0405,F9V,      1.30961,     0.514435,      1.08011,          NaN,          NaN,           1,           1,      60.1025,      3.22684,      2.12669,      1.35844,     0.146194,     0.589297
      45333.0,      138.586,      61.4233,          NaN,      5.78500,      5.18000,          NaN,      4.51000,      4.23100,      3.91400,      3.78000,      3.71220,      19.6589,F9V,      2.86632,     0.750854,      1.35103,          NaN,          NaN,           1,           1,      86.1198,      2.01705,      3.65371,      1.22730,     0.180648,     0.728177
      46509.0,      142.287,     -2.76896,          NaN,      5.00100,      4.59000,      4.60000,      4.07000,      3.91000,      3.58000,      3.56000,      3.34230,      17.7639,F6V,      3.81030,     0.781039,      1.46551,      67.5000,      2.64000,           3,           1,      109.886,      12.1900,      4.24044,      2.25951,     0.155585,     0.627149
      46580.0,      142.478,      5.65513,      9.07100,      8.20200,      7.20000,      6.62600,      6.13000,      5.42900,      5.00200,      4.78800,      6.66684,      12.7830,K3V,     0.254269,     0.508689,     0.676214,          NaN,          NaN,           1,           1,      39.4470,      4.86289,      1.87150,      1.49300,     0.126858,     0.511355
      46853.0,      143.214,      51.6773,      3.67000,      3.64500,      3.17000,      2.74000,      2.61000,      2.28000,      2.08000,      1.97000,      2.45456,      13.9023,F6IV,      8.68944,      1.62496,      1.85474,      2.60000,      10.8300,           3,           1,      212.036,    0.0962648,      1.03046,    0.0601374,    0.0683860,     0.275659
      47080.0,      143.915,      35.8101,      6.56000,      6.17000,      5.40000,      4.79000,      4.62000,      4.06000,      3.72000,      3.69000,      5.15324,      11.2035,G8IV-V,     0.833802,     0.830582,     0.949394,      6.70000,      7.70000,           1,           1,      81.5038,      4.12876,      2.34767,     0.460697,     0.238419,     0.961049
      48113.0,      147.147,      46.0210,      5.80000,      5.69900,      5.08000,      4.57000,      4.40000,      4.05000,      3.75000,      3.60900,      3.69725,      18.9038,G2V,      2.92164,     0.799350,      1.35843,          NaN,          NaN,           1,           1,      90.4199,      4.84293,      4.05370,      1.52966,     0.171362,     0.690746
      48331.0,      147.779,     -43.5028,      9.96300,      8.82600,      7.67000,      6.93400,      6.33000,      5.45100,      4.99800,      4.71700,      7.40756,      11.2847,K5V,     0.170533,     0.540537,     0.603277,          NaN,          NaN,           1,           1,      36.5944,      2.41223,      1.76586,      1.61076,     0.159578,     0.643248
      49081.0,      150.253,      31.9237,          NaN,      6.04600,      5.37000,      4.90000,      4.63000,      4.27000,      4.04000,      3.82000,      4.50024,      14.9263,G1V,      1.42572,     0.748761,      1.10665,      134.300,      10.6000,           1,           1,      79.9954,      2.72443,      2.71977,     0.769864,     0.212305,     0.855785
      49908.0,      152.842,      49.4542,      9.23000,      7.92600,      6.60000,      5.36000,      5.31000,      3.97000,      3.27000,      3.26000,      8.16291,      4.86875,K8V,     0.107013,      1.26915,     0.528076,      153.600,      2.28000,           1,           1,      67.1894,      38.2227,      1.61710,     0.129538,     0.245302,     0.988793
      50075.0,      153.353,     -33.0317,      7.06000,      6.97200,      6.38000,          NaN,      5.74000,      5.32600,      5.06300,      4.95500,      4.62466,      22.4424,G0V,      1.22747,     0.425506,      1.06031,          NaN,          NaN,           1,           1,      49.3669,     0.445906,      1.85609,      1.55550,     0.111424,     0.449141
      50384.0,      154.311,      23.1062,      6.27000,      6.31000,      5.81000,      5.34000,      5.23000,          NaN,          NaN,          NaN,      4.06539,      22.3317,F8Vw,      1.98681,     0.496397,      1.21671,      6.70000,      5.50000,           1,           1,      63.1185,     0.337671,      3.24176,      2.49633,     0.153030,     0.616852
      50505.0,      154.716,      44.0483,          NaN,      7.31300,      6.66000,      6.20000,      5.93000,      5.39400,      5.07400,      5.01200,      5.12785,      20.2503,G5,     0.786748,     0.402078,     0.933767,      144.100,      2.64000,           1,           1,      43.8012,      1.74939,      1.89315,      1.47361,    0.0849948,     0.342608
      50954.0,      156.099,     -74.0316,      4.35000,      4.35900,      3.99000,      3.67000,      3.56000,      3.32000,      3.14000,      3.11000,      2.95012,      16.1427,F2IV,      5.36088,     0.975411,      1.61567,          NaN,          NaN,           2,           1,      143.431,    0.0862800,      1.42493,     0.208857,     0.137603,     0.554667
      51459.0,      157.657,      55.9805,          NaN,      5.36100,      4.82000,      4.50000,      4.24000,      4.03300,      3.75800,      3.64400,      4.26468,      12.9141,F8V,      1.68338,     0.822009,      1.16044,      122.800,      3.98000,           1,           1,      100.468,     0.787925,      2.19680,     0.422769,     0.232212,     0.936029
      51502.0,      157.769,      82.5586,          NaN,      5.64900,      5.25000,          NaN,      4.79000,      4.41600,      4.36400,      4.27200,      3.46699,      22.7302,F2V,      3.38269,     0.567629,      1.41650,          NaN,          NaN,           1,           1,      80.9148,     0.691860,      3.33694,      1.37776,     0.172173,     0.694015
      53721.0,      164.867,      40.4303,          NaN,      5.65400,      5.03000,      4.70000,      4.34000,      3.96000,      3.73600,      3.75000,      4.33028,      13.8021,G0V,      1.63304,     0.822826,      1.15042,          NaN,          NaN,           1,           1,      92.5877,      2.35947,      2.78447,     0.649505,     0.229677,     0.925810
      54035.0,      165.834,      35.9699,      10.0300,      8.99200,      7.49000,      5.99000,      5.42000,      4.20000,      3.64000,      3.34000,      10.4600,      2.54686,M2V,    0.0242079,      1.29542,     0.345361,          NaN,          NaN,           1,           1,      61.0905,      1.78908,     0.662526,    0.0198727,     0.248000,     0.999670
      54211.0,      166.369,      43.5268,      11.4400,      10.3110,      8.82000,      7.90000,      6.81000,      5.53800,      5.00200,      4.76900,      10.3922,      4.84801,M2Vvar,    0.0238218,     0.682472,     0.343778,      31.8000,      5.85000,           4,           4,      31.8364,      150.883,      1.68157,     0.975516,    0.0951251,     0.383442
      55779.0,      171.430,     -63.9725,          NaN,      5.67500,      5.18000,          NaN,      4.63000,      4.61900,      4.19100,      4.19000,      2.98195,      27.5175,F7V,      5.37970,     0.659543,      1.61729,          NaN,          NaN,           1,           1,      84.2888,     0.157177,      1.13575,     0.664463,    0.0774073,     0.312023
      55846.0,      171.689,      3.01310,      7.78000,      7.26800,      6.49000,      6.00000,      5.63000,      5.16500,      4.93700,      4.74700,      5.18856,      18.2091,K0IV,     0.814370,     0.508044,     0.943019,      28.2000,     0.950000,           1,           1,      49.5590,     0.841662,      2.54714,      1.77623,     0.172559,     0.695573
      56452.0,      173.623,     -32.8313,          NaN,      6.77100,      5.96000,      7.17000,      5.08000,      4.78000,      4.14000,      4.02000,      6.06145,      9.54355,K0V,     0.367746,     0.677468,     0.751399,      15.8000,      8.92000,           1,           1,      63.5425,     0.446578,      1.14965,     0.147658,     0.245154,     0.988195
      56997.0,      175.263,      34.2016,      6.31000,      6.03300,      5.31000,      4.73000,      4.53000,      4.01000,      3.61000,      3.58800,      5.40330,      9.57942,G8Vvar,     0.641985,     0.815514,     0.881063,      158.700,      5.96000,           1,           1,      83.6418,      1.82375,      1.52822,     0.176044,     0.245384,     0.989124
      57443.0,      176.629,     -40.5004,      5.65000,      5.55400,      4.89000,      4.35000,      4.16000,      3.74000,      3.37000,      3.31000,      5.04949,      9.29187,G3/G5V,     0.853493,     0.920551,     0.955747,      22.9000,      9.60000,           1,           1,      99.4253,      4.81943,      1.40706,     0.235827,     0.236115,     0.951762
      57939.0,      178.245,      37.7187,      7.38000,      7.17400,      6.42000,      5.80000,      5.54000,      4.94000,      4.50000,      4.37000,      6.60624,      9.17809,G8Vp,     0.215218,     0.508672,     0.644754,          NaN,          NaN,           1,           1,      50.5460,      4.53400,      1.34112,     0.394742,     0.242643,     0.978074
      58576.0,      180.185,     -10.4460,      6.76000,      6.30000,      5.54000,          NaN,      4.76000,      4.28000,      3.91000,      3.87000,      5.02143,      12.6974,K0IV,     0.931543,     0.768737,     0.979943,          NaN,          NaN,           1,           1,      76.0128,      2.45419,      3.15739,     0.579429,     0.237741,     0.958314
      59199.0,      182.103,     -24.7289,          NaN,      4.35400,      4.02000,          NaN,      3.62000,      3.52500,      3.36400,      3.30700,      3.14630,      14.9534,F0IV/V,      4.44102,     0.917790,      1.53107,          NaN,          NaN,           3,           1,      140.929,      1.29485,      1.46418,     0.369213,     0.155680,     0.627533
      59750.0,      183.794,     -10.3124,      6.44000,      6.58000,      6.11000,          NaN,      5.58000,      5.13200,      5.00400,      4.83900,      4.36348,      22.3514,F5V,      1.49572,     0.417087,      1.12191,      42.8000,      6.79000,           1,           1,      54.7168,      2.46510,      2.70589,      1.86445,     0.110719,     0.446300
      61174.0,      188.018,     -16.1960,          NaN,      4.68800,      4.30000,          NaN,      3.86000,      3.60900,      3.37200,      3.37000,      3.02831,      17.9613,F2V,      5.03927,     0.866839,      1.58736,          NaN,          NaN,           3,           1,      124.982,      6.70044,      2.62878,      1.01777,     0.127732,     0.514877
      61317.0,      188.436,      41.3575,      4.91000,      4.82800,      4.24000,      3.73000,      3.57000,      3.20000,      2.88000,      2.72000,      4.56472,      8.61105,G0V,      1.29453,      1.13465,      1.07654,     0.100000,          NaN,           3,           1,      132.130,      2.56568,      1.55371,     0.161755,     0.243969,     0.983418
      62207.0,      191.248,      39.2789,      6.47000,      6.50700,      5.95000,      5.41000,      5.30000,      4.89000,      4.66700,      4.46500,      4.72674,      17.5652,G0V,      1.10675,     0.497789,      1.02940,          NaN,          NaN,           1,           1,      59.8924,      1.20280,      2.50546,      1.25159,     0.207762,     0.837471
      62523.0,      192.196,      24.8402,          NaN,      6.99300,      6.29000,      5.80000,      5.55000,      5.12300,      4.70500,      4.64500,      5.12507,      17.0996,G7V,     0.815424,     0.506598,     0.943368,          NaN,          NaN,           1,           1,      52.8087,      2.99665,      2.05757,      1.53282,     0.161488,     0.650944
      64394.0,      197.968,      27.8782,      4.92000,      4.80200,      4.23000,      3.77000,      3.56000,      3.20000,      2.91000,      2.87000,      4.41504,      9.18315,G0V,      1.48114,      1.11866,      1.11877,      126.500,      7.80000,           3,           1,      132.528,      2.70214,      1.68827,     0.205521,     0.243406,     0.981153
      64792.0,      199.194,      9.42416,          NaN,      5.77500,      5.19000,      4.80000,      4.55000,      4.39200,      4.10700,      4.03300,      3.97008,      17.5381,G0Vs,      2.23746,     0.730012,      1.25872,      2.50000,      15.3800,           1,           1,      85.2894,     0.638581,      2.88125,     0.900210,     0.207208,     0.835241
      64797.0,      199.213,      17.0172,          NaN,      7.41600,      6.49000,          NaN,      5.52000,          NaN,          NaN,          NaN,      6.28598,      10.9851,K2V,     0.328460,     0.625451,     0.727532,      7.80000,      2.84000,           1,           1,      52.1720,    0.0359144,      1.73967,     0.448660,     0.224741,     0.905915
      64924.0,      199.601,     -18.3112,      5.71000,      5.44900,      4.74000,          NaN,      3.99000,      3.33400,      2.97400,      2.95600,      5.09154,      8.50535,G5V,     0.846330,      1.04203,     0.953448,      376.200,      5.92000,           2,           1,      108.163,      2.55783,      1.66530,     0.136974,     0.245942,     0.991372
      65721.0,      202.108,      13.7788,      5.93000,      5.68400,      4.97000,      4.37000,      4.20000,      3.80000,      3.46000,      3.24000,      3.70452,      17.9100,G5V,      3.05177,     0.943121,      1.37545,      268.600,      3.65000,           1,           1,      97.5395,      2.02485,      3.40708,     0.811472,     0.183604,     0.740093
      67155.0,      206.432,      14.8915,      10.9890,      9.89500,      8.46000,      7.46500,      6.39000,      5.18000,      4.78000,      4.41500,      9.78390,      5.43527,M3V,    0.0327190,     0.699172,     0.376407,          NaN,          NaN,           1,           1,      33.2797,      2.08174,      1.06873,     0.414571,     0.240520,     0.969517
      67927.0,      208.671,      18.3977,      3.44000,      3.26000,      2.68000,      2.24000,      2.03000,      1.67000,      1.39000,      1.49000,      2.39624,      11.3960,G0IV,      9.52555,      2.30557,      1.90407,      114.000,      7.27000,           3,           1,      270.827,      1.37867,     0.899044,    0.0300172,    0.0581262,     0.234302
      68184.0,      209.384,      61.4929,      8.51000,      7.53000,      6.49000,      5.90000,      5.48000,      5.01800,      4.40200,      4.09400,      6.47318,      10.0778,K3V,     0.317670,     0.752136,     0.720622,          NaN,          NaN,           1,           1,      55.9271,     0.299291,      1.40776,     0.222045,     0.241692,     0.974244
      69671.0,      213.911,     -45.0008,          NaN,      6.90600,      6.31000,          NaN,      5.65000,      5.23700,      5.04000,      4.88700,      4.72818,      20.7188,F9V,      1.11830,     0.441520,      1.03246,          NaN,          NaN,           1,           1,      51.0405,     0.720457,      2.32247,      1.86002,     0.146750,     0.591539
      69972.0,      214.770,     -59.3790,          NaN,      7.67600,      6.66000,          NaN,      5.64000,      4.97600,      4.67100,      4.33200,      6.29309,      11.8408,K3V,     0.364629,     0.667688,     0.749574,          NaN,          NaN,           1,           1,      50.9970,      1.78797,      1.66557,     0.587676,     0.223528,     0.901023
      70319.0,      215.814,      1.24157,      6.98000,      6.88900,      6.25000,      5.71000,      5.54000,      5.05300,      4.81400,      4.64400,      5.04246,      17.4385,G1V,     0.849324,     0.477581,     0.954411,          NaN,          NaN,           1,           1,      52.8479,      6.60195,      2.28037,      1.62144,     0.123712,     0.498675
      70890.0,      217.429,     -62.6795,      14.2100,      12.8170,      11.0100,      9.45000,      7.39000,      5.35700,      4.83500,      4.38400,      15.4382,      1.30124,M5Ve,  0.000946928,     0.591026,     0.136801,      999.900,     -12.5600,           1,           1,      23.6484,      2.42113,      1.01653,    0.0825612,     0.239217,     0.964265
      71181.0,      218.370,      52.9088,          NaN,      8.23700,      7.24000,      6.70000,      6.20000,      5.43600,      4.87200,      4.78900,      6.63000,      13.2434,K3V,     0.261525,     0.495310,     0.681672,          NaN,          NaN,           1,           1,      38.6151,      2.12380,      1.72042,      1.72441,     0.150904,     0.608284
      71284.0,      218.670,      29.7451,      4.76000,      4.83400,      4.47000,      4.13000,      4.06000,      3.70000,      3.51000,      3.48000,      3.49626,      15.6584,F3Vwvar,      3.23685,     0.776820,      1.39878,      215.300,      6.16000,           3,           1,      114.898,      4.96141,      2.52656,      1.00495,     0.184185,     0.742435
      72603.0,      222.672,     -15.9972,      5.53000,      5.55100,      5.15000,      4.78000,      4.67000,      4.39000,      4.19000,      4.14000,      3.30685,      23.3685,F3V,      3.92347,     0.595897,      1.47782,     0.400000,          NaN,           1,           1,      84.7626,      2.14593,      3.86441,      1.92380,     0.144940,     0.584240
      72659.0,      222.847,      19.1005,      5.61800,      5.26000,      4.54000,      3.91000,      3.72000,      2.66000,      2.25000,      1.97000,      5.39892,      6.73312,G8V+K4V,     0.643579,      1.15826,     0.881688,      5.50000,      2.19000,           3,           4,      119.147,      7.55694,      2.70771,      1.06818,     0.216653,     0.873312
      72848.0,      223.349,      19.1528,          NaN,      6.84100,      6.00000,      5.50000,      5.08000,      4.88200,      4.16500,      4.32000,      5.72020,      11.3752,K2V,     0.517531,     0.692913,     0.828452,          NaN,          NaN,           1,           1,      63.2425,     0.875574,      1.79877,     0.313864,     0.241498,     0.973458
      73184.0,      224.367,     -21.4155,      7.89000,      6.74400,      5.72000,      4.74000,      4.49000,      3.83000,      3.23000,      3.10000,      6.87239,      5.88197,K4V,     0.215862,      1.04335,     0.645304,      25.7000,      2.30000,           4,           4,      78.9888,      150.946,      2.98008,     0.489173,     0.229965,     0.926973
      73996.0,      226.825,      24.8692,      5.34000,      5.35900,      4.93000,      4.53000,      4.42000,      4.15000,      3.90000,      3.86300,      3.49608,      19.3546,F5V,      3.31216,     0.683048,      1.40800,      103.500,      6.56000,           1,           1,      94.0311,      1.70915,      3.17576,      1.20761,     0.183568,     0.739947
      74702.0,      228.997,     0.796362,      8.21500,      7.75000,      6.92000,      6.43800,      6.05000,      5.48000,      5.11500,      4.95800,      5.92468,      15.8148,K0,     0.422619,     0.446780,     0.781859,          NaN,          NaN,           1,           1,      41.1065,      1.48703,      1.69011,      1.65791,     0.129481,     0.521929
      75181.0,      230.451,     -48.3176,      6.35000,      6.28900,      5.65000,          NaN,      4.94000,      4.51000,      4.16000,      4.15900,      4.81516,      14.6882,G2V,      1.04712,     0.629575,      1.01324,          NaN,          NaN,           1,           1,      69.6674,      1.60349,      2.35159,     0.701889,     0.225527,     0.909081
      76074.0,      233.054,     -41.2756,      11.9180,      10.8340,      9.31000,      8.26500,      6.91000,      5.64700,      5.02500,      4.75900,      10.4495,      5.91690,M0,    0.0283618,     0.593319,     0.361347,          NaN,          NaN,           1,           1,      28.4625,     0.888023,      1.62874,      1.21873,     0.186653,     0.752382
      76829.0,      235.297,     -44.6612,          NaN,      5.05300,      4.64000,          NaN,      4.17000,      4.02300,      3.73200,      3.80200,      3.43822,      17.3923,F5IV-V,      3.48982,     0.765186,      1.42918,          NaN,          NaN,           1,           1,      107.410,      5.60329,      3.25900,      1.49722,     0.169450,     0.683040
      77257.0,      236.611,      7.35307,      5.13000,      5.02400,      4.42000,      3.92000,      3.76000,      3.38000,      3.04000,      2.96000,      4.05716,      11.8186,G0Vvar,      2.08514,      1.06425,      1.23362,          NaN,          NaN,           2,           1,      122.180,     0.932831,      2.22581,     0.294431,     0.233135,     0.939749
      77358.0,      236.871,     -37.9163,          NaN,      6.72500,      6.01000,          NaN,      5.27000,      4.95900,      4.50500,      4.32300,      5.09229,      15.2595,G6IV,     0.850721,     0.584933,     0.954859,      15.0000,      7.21000,           1,           1,      60.4440,    0.0383264,      2.24511,     0.718543,     0.227845,     0.918426
      77760.0,      238.169,      42.4515,      5.19000,      5.16300,      4.60000,      4.14000,      3.97000,      3.49000,      3.14000,      3.12000,      3.60230,      15.8321,F9V,      3.12347,     0.933482,      1.38460,          NaN,          NaN,           1,           1,      111.630,      2.58507,      2.62591,     0.598770,     0.185353,     0.747144
      78072.0,      239.113,      15.6616,      4.31000,      4.32800,      3.85000,      3.37000,      3.31000,      2.93000,      2.64000,      2.62000,      3.60815,      11.1782,F6V,      3.00559,      1.19237,      1.36947,      313.800,      7.61000,           3,           1,      155.093,      7.02951,      1.71665,     0.412773,     0.199093,     0.802528
      78775.0,      241.237,      39.1565,      7.60000,      7.39400,      6.66000,      6.04000,      5.86000,      5.18200,      4.82400,      4.75500,      5.87264,      14.3705,G8V,     0.417805,     0.444038,     0.779304,      70.1000,      6.20000,           1,           1,      44.9795,      4.38490,      2.43635,      2.10863,     0.185325,     0.747030
      79190.0,      242.428,     -56.4451,      8.44900,      7.96600,      7.11000,      6.64300,      6.18000,      5.54600,      5.10200,      4.98100,      6.25361,      14.8347,K3V,     0.322113,     0.424401,     0.723487,          NaN,          NaN,           1,           1,      38.2583,     0.628321,      1.61401,      1.84135,     0.144613,     0.582924
      79248.0,      242.601,      43.8176,          NaN,      7.48700,      6.61000,      6.10000,      5.69000,      5.15800,      4.80300,      4.71400,      5.34069,      17.9416,K0V,     0.757080,     0.550495,     0.923568,      4.30000,      11.3000,           1,           1,      48.4964,      2.88911,      2.13548,      1.34806,     0.121438,     0.489508
      79492.0,      243.327,      13.5269,          NaN,      7.44400,      6.68000,          NaN,      5.88000,          NaN,          NaN,          NaN,      4.75190,      24.3007,G8V,      1.19884,     0.457103,      1.05318,     0.200000,          NaN,           1,           1,      45.0570,    0.0172805,      1.68195,      1.01077,    0.0817014,     0.329332
      79672.0,      243.905,     -8.36944,          NaN,      6.14200,      5.49000,          NaN,      4.80000,      4.66700,      4.16200,      4.18600,      4.73917,      14.1308,G1V,      1.12453,     0.688320,      1.03410,      49.7000,      7.80000,           1,           1,      75.0445,     0.988448,      2.20743,     0.643374,     0.229126,     0.923590
      80337.0,      246.005,     -39.1930,      6.17000,      5.99500,      5.37000,      5.40000,      4.69000,      4.32000,      4.01000,      3.94000,      4.81571,      12.9080,G3/G5V,      1.04453,     0.704406,      1.01253,      345.100,      5.53000,           1,           1,      79.1774,      6.70379,      2.41185,     0.920815,     0.221120,     0.891318
      80686.0,      247.117,     -70.0844,          NaN,      5.45500,      4.90000,          NaN,      4.26000,      4.11000,      3.65000,      3.66000,      4.47233,      12.1768,F9V,      1.39805,     0.805424,      1.10047,          NaN,          NaN,           1,           1,      97.1020,    0.0680988,      1.82973,     0.259812,     0.237182,     0.956063
      80824.0,      247.575,     -12.6626,      12.8290,      11.7040,      10.1000,      8.91700,      7.42000,      5.95000,      5.37300,      5.07500,      11.9294,      4.30646,M4,    0.0115395,     0.510555,     0.279473,          NaN,          NaN,           1,           1,      24.9444,      2.97304,      1.72009,      1.17971,     0.140714,     0.567206
      81300.0,      249.089,     -2.32458,      7.00000,      6.59700,      5.77000,      5.13000,      4.90000,      4.33000,      3.88000,      3.83000,      5.78754,      9.91954,K2V,     0.477928,     0.755633,     0.809821,      137.900,      7.64000,           1,           1,      69.6931,      17.8411,      2.45334,     0.706114,     0.224473,     0.904833
      82860.0,      254.007,      65.1348,          NaN,      5.36100,      4.88000,      4.60000,      4.32000,      4.02000,      3.83000,      3.73600,      3.98741,      15.0841,F6Vvar,      2.12139,     0.744687,      1.23971,          NaN,          NaN,           1,           1,      96.5586,      6.61753,      3.09271,      1.31772,     0.203824,     0.821597
      83389.0,      255.652,      47.0819,          NaN,      7.48800,      6.76000,      6.30000,      5.98000,      5.41100,      5.09800,      5.00300,      5.44849,      18.2937,G8V,     0.616937,     0.420869,     0.871102,          NaN,          NaN,           1,           1,      42.9357,      2.85091,      1.77927,      1.40779,    0.0873439,     0.352077
      83591.0,      256.264,     -5.06651,      9.94500,      8.80000,      7.70000,      6.98500,      6.34000,      5.52200,      4.94200,      4.72600,      7.60115,      10.4657,K5V,     0.120654,     0.479416,     0.546491,      183.800,      2.28000,           1,           1,      33.1896,      2.83990,      1.39930,      1.49533,     0.133250,     0.537119
      83990.0,      257.543,     -60.7288,          NaN,      8.26900,      7.38000,          NaN,      6.40000,      5.69400,      5.20400,      5.09100,      6.68862,      13.7492,K0V,     0.219820,     0.392916,     0.648663,          NaN,          NaN,           1,           1,      34.1001,     0.511028,      1.51985,      1.68215,     0.110618,     0.445893
      84720.0,      259.766,     -46.6362,      6.66000,      6.23400,      5.47000,      4.76000,      4.53000,      3.93000,      3.44000,      3.35000,      5.75101,      8.78613,M0V,     0.477656,     0.798021,     0.809690,      10.8000,      3.27000,           1,           4,      78.6611,      38.1875,      2.71079,     0.610122,     0.218603,     0.881171
      85235.0,      261.250,      67.3067,          NaN,      7.19900,      6.44000,      5.90000,      5.64000,      4.96900,      4.63700,      4.51500,      5.90507,      12.7934,K0V,     0.412409,     0.507248,     0.776415,          NaN,          NaN,           1,           1,      50.1970,      2.51637,      1.64507,     0.868305,     0.222849,     0.898287
      85295.0,      261.438,      2.11142,      10.1260,      8.89900,      7.54000,      6.64900,      5.92000,      4.93400,      4.34100,      4.14000,      8.10341,      7.71467,K7V,     0.120667,     0.888713,     0.546508,          NaN,          NaN,           1,           1,      45.0274,      2.67974,      1.56258,     0.262102,     0.235603,     0.949698
      85523.0,      262.166,     -46.8952,      12.1770,      10.9330,      9.38000,      8.33700,      6.98000,      5.71100,      5.15400,      4.85500,      11.0902,      4.54957,K5,    0.0189577,     0.620181,     0.322061,          NaN,          NaN,           1,           1,      30.2637,      4.91189,      1.39104,     0.876853,     0.218944,     0.882547
      86162.0,      264.108,      68.3391,      11.7300,      10.6550,      9.15000,      8.30000,      7.04000,      5.33500,      4.77000,      4.54800,      10.8599,      4.54999,M3.5Vvar,    0.0170948,     0.607835,     0.312683,      180.400,     -1.24000,           1,           1,      28.7357,      2.14840,      1.08126,     0.791924,     0.229668,     0.925773
      86201.0,      264.238,      68.7580,          NaN,      5.20000,      4.77000,      4.50000,      4.28000,      3.82600,      3.69600,      3.62000,      2.93768,      23.2522,F5V,      5.53913,     0.736190,      1.63084,      75.7000,      8.40000,           1,           1,      101.218,      2.09441,      3.06600,     0.932144,     0.116664,     0.470263
      86400.0,      264.820,      3.55524,          NaN,      7.48900,      6.53000,      5.90000,      5.49000,      4.70000,      4.40000,      4.10000,      6.51122,      10.0868,K3V,     0.277219,     0.646161,     0.693117,          NaN,          NaN,           1,           1,      52.1985,      1.14254,      1.31683,     0.249207,     0.239803,     0.966628
      86486.0,      265.099,     -49.4156,          NaN,      5.17500,      4.76000,          NaN,      4.27000,      4.02000,      3.70000,      3.83000,      3.12516,      21.2309,F3IV,      4.65782,     0.725870,      1.55206,          NaN,          NaN,           1,           1,      101.654,    0.0216457,      2.41849,     0.615147,     0.151554,     0.610901
      86620.0,      265.492,      72.1569,          NaN,      6.34000,      5.81000,      5.20000,      5.21000,      5.00000,      4.59000,      4.53000,      4.02665,      22.7337,G0V,      2.08613,     0.514340,      1.23379,      30.1000,    -0.990000,           1,           1,      63.5332,      2.62815,      2.63704,      1.43253,     0.113960,     0.459365
      86736.0,      265.857,     -21.6832,          NaN,      5.32900,      4.86000,          NaN,      4.32000,      4.08000,      3.78700,      3.87700,      3.69190,      17.1245,F6/F7V,      2.77570,     0.740802,      1.33868,          NaN,          NaN,           1,           1,      97.2900,      2.07662,      2.95510,      1.06266,     0.194343,     0.783382
      86796.0,      266.036,     -51.8341,          NaN,      5.81400,      5.12000,          NaN,      4.41000,      4.16000,      3.72000,      3.68000,      4.15367,      15.6051,G5V,      1.97535,     0.858744,      1.21470,          NaN,          NaN,           1,           1,      90.0649,      1.91554,      3.32134,     0.899091,     0.220599,     0.889218
      88601.0,      271.364,      2.50010,      5.40000,      4.89000,      4.03000,      3.38000,      3.07000,      2.34000,      1.88000,      1.79000,      5.49924,      5.08337,K0VSB,     0.647316,      1.76289,     0.883147,      6.60000,      1.95000,           3,           4,      158.273,     0.566875,      1.58779,     0.400970,     0.235389,     0.948835
      88694.0,      271.599,     -36.0198,      6.64000,      6.55500,      5.94000,      5.58000,      5.26000,      4.83500,      4.61400,      4.46900,      4.76185,      17.2041,G3V,      1.09454,     0.535405,      1.02615,      11.9000,      7.00000,           1,           1,      60.8112,      2.92575,      2.89657,      1.51569,     0.191692,     0.772695
      88745.0,      271.756,      30.5621,      5.52000,      5.57800,      5.05000,      4.61000,      4.45000,      3.97000,      3.66000,      3.62000,      4.06509,      15.7392,F7V,      2.01153,     0.728159,      1.22102,     0.200000,          NaN,           1,           1,      90.1116,      5.50406,      3.63375,      1.33068,     0.209555,     0.844700
      88972.0,      272.406,      38.4578,      7.86000,      7.25600,      6.38000,      5.63000,      5.38000,      4.78000,      4.27000,      4.23200,      6.15426,      11.0955,K2V,     0.357682,     0.611124,     0.745466,          NaN,          NaN,           1,           1,      53.9016,      2.59329,      1.65888,     0.427545,     0.236219,     0.952179
      89042.0,      272.609,     -62.0022,          NaN,      6.06200,      5.47000,          NaN,      4.82000,      4.43000,      4.02200,      4.13000,      4.22362,      17.7532,G0V,      1.77592,     0.647002,      1.17832,          NaN,          NaN,           1,           1,      75.0646,      4.75319,      2.30122,      1.10873,     0.160155,     0.645571
      89348.0,      273.474,      64.3973,          NaN,      5.43000,      4.99000,      4.80000,      4.48000,      4.20000,      4.06000,      3.94000,      3.19574,      22.8482,F5V,      4.36286,     0.673528,      1.52332,          NaN,          NaN,           1,           1,      91.4184,      4.41202,      4.16806,      1.94331,     0.132642,     0.534668
      91768.0,      280.695,      59.6304,          NaN,      10.4440,      8.94000,      8.10000,      6.84000,      5.18900,      4.74100,      4.43200,      11.2062,      3.52176,K5,    0.0123424,     0.667822,     0.284895,      11.6000,     0.850000,           1,           1,      31.5457,      1.50178,      1.04635,     0.163517,     0.245819,     0.990876
      91772.0,      280.695,      59.6268,          NaN,      11.2610,      9.70000,      8.90000,      7.21000,      5.72100,      5.19700,      5.00000,      11.9655,      3.52283,K5,   0.00887472,     0.546725,     0.259274,      11.6000,    -0.850000,           4,           4,      26.7415,      150.968,      1.79234,      1.03217,     0.102005,     0.411175
      93966.0,      286.989,      16.8534,          NaN,      6.78500,      6.08000,      5.60000,      5.32000,      4.81200,      4.56200,      4.43000,      4.43296,      21.3505,G5V,      1.54609,     0.559414,      1.13258,     0.200000,          NaN,           1,           1,      58.2384,      4.04139,      2.57364,      1.32000,     0.103576,     0.417508
      94761.0,      289.230,      5.16890,      11.7680,      10.5840,      9.12000,      8.07600,      6.80000,      5.58300,      4.92900,      4.67300,      10.2615,      5.91160,M3.5V,    0.0235895,     0.554836,     0.342817,      75.8000,      8.31000,           1,           1,      25.9809,      7.28031,      1.54454,      1.28805,     0.114934,     0.463288
      95149.0,      290.374,     -34.9835,      7.22000,      7.10800,      6.48000,          NaN,      5.79000,      5.31900,      5.05000,      4.92600,      4.98725,      19.8861,G1/G2V,     0.892431,     0.424002,     0.968007,          NaN,          NaN,           1,           1,      47.5048,      2.80796,      2.03612,      1.47914,    0.0922744,     0.371951
      95319.0,      290.892,      33.2220,          NaN,      7.17400,      6.37000,      5.80000,      5.53000,      5.36900,      4.74300,      4.49300,      5.40301,      15.6098,G8V,     0.674194,     0.555664,     0.893473,          NaN,          NaN,           1,           1,      52.6011,      10.9782,      2.71001,      1.62839,     0.121258,     0.488781
      95447.0,      291.242,      11.9444,      6.35000,      5.93100,      5.17000,      4.70000,      4.42000,      3.92000,      3.59000,      3.53000,      4.29544,      14.9593,G8IVvar,      1.81980,     0.912717,      1.18657,      104.000,      3.41000,           1,           1,      90.1780,      2.39856,      3.44282,     0.762036,     0.221908,     0.894494
      95501.0,      291.375,      3.11477,      3.72000,      3.67900,      3.36000,      3.11000,      2.98000,      2.72000,      2.55000,      2.54000,      2.40477,      15.5255,F0IV,      8.80199,      1.21813,      1.86157,     0.100000,          NaN,           3,           1,      191.093,      10.2654,      1.45001,     0.256346,    0.0621252,     0.250422
      96100.0,      293.090,      69.6612,      5.86000,      5.45600,      4.67000,      4.04000,      3.82000,      3.42000,      3.04000,      2.83000,      5.86325,      5.77232,K0V,     0.439179,      1.18700,     0.790492,      492.800,      6.59000,           2,           1,      114.808,     0.830024,      1.05413,    0.0385559,     0.247854,     0.999082
      96258.0,      293.582,      51.2366,          NaN,      6.18500,      5.71000,      5.40000,      5.13000,      4.70000,      4.59000,      4.49400,      3.69037,      25.3469,F7V,      2.78398,     0.504479,      1.33982,          NaN,          NaN,           1,           1,      65.8276,     0.616570,      2.81577,      1.24119,     0.127780,     0.515070
      98036.0,      298.828,      6.40676,      5.04000,      4.56500,      3.71000,      3.05000,      2.82000,      2.20000,      1.71000,      1.66000,      3.07844,      13.3755,G8IVvar,      5.99403,      2.02845,      1.66804,      13.4000,      8.09000,           3,           1,      183.041,      1.40584,      1.39925,    0.0988627,     0.114917,     0.463222
      98698.0,      300.696,      3.32619,          NaN,      8.58800,      7.46000,      6.80000,      6.25000,      5.47600,      4.95600,      4.79600,      6.93777,      12.7188,K4V,     0.242867,     0.564194,     0.667407,          NaN,          NaN,           1,           1,      38.7470,      2.35120,      1.95359,      1.56891,     0.142805,     0.575638
      99240.0,      302.182,     -66.1821,      4.78000,      4.30100,      3.55000,      2.95000,      2.79000,      2.45000,      2.11000,      2.04000,      4.62492,      6.09561,G5IV-Vvar,      1.33140,      1.90009,      1.08522,          NaN,          NaN,           3,           1,      189.294,      2.17188,      1.21283,    0.0657120,     0.243236,     0.980467
      99701.0,      303.472,     -45.1640,      10.6270,      9.40100,      7.97000,      7.05300,      6.14000,      5.12200,      4.52500,      4.28100,      9.02188,      6.16062,M0V,    0.0650504,     0.867510,     0.458067,          NaN,          NaN,           1,           1,      41.4000,      7.59207,      1.45718,     0.330457,     0.235123,     0.947764
      99825.0,      303.822,     -27.0330,          NaN,      6.60800,      5.73000,      5.98000,      4.80000,      4.11200,      3.58200,      3.50100,      6.00781,      8.79909,K3V,     0.409736,     0.826758,     0.774974,          NaN,          NaN,           1,           1,      72.7469,      4.80992,      1.60677,     0.206225,     0.244119,     0.984025
      100017.,      304.381,      66.8537,          NaN,      6.51200,      5.91000,      5.60000,      5.24000,      4.87900,      4.69000,      4.45100,      4.69912,      17.4653,G3V,      1.15286,     0.534588,      1.04148,          NaN,          NaN,           1,           1,      61.4769,      2.05908,      2.96823,      1.43928,     0.205758,     0.829393
      100925.,      306.934,     -30.8678,          NaN,      7.33400,      6.61000,          NaN,      5.85000,      5.36200,      5.06700,      4.91500,      5.18121,      19.3089,G6/G8V,     0.788047,     0.448718,     0.934208,          NaN,          NaN,           1,           1,      45.9747,      2.09224,      2.27719,      1.65667,     0.104251,     0.420227
      101997.,      310.049,     -23.7739,          NaN,      7.07900,      6.36000,          NaN,      5.58000,      5.29600,      4.81000,      4.59700,      5.52684,      14.6768,G8/K0V,     0.571705,     0.500341,     0.852355,          NaN,          NaN,           1,           1,      51.5175,      4.59673,      2.38192,      1.74783,     0.186406,     0.751389
      102040.,      310.188,      19.9355,      7.14000,      7.04100,      6.43000,      5.95000,      5.72000,      5.25200,      5.08500,      4.92100,      4.82941,      20.8986,G5V,      1.02698,     0.425236,      1.00764,      69.4000,      5.45000,           1,           1,      48.4913,     0.210873,      1.95836,      1.76715,     0.146559,     0.590768
      102409.,      311.290,     -31.3409,          NaN,      10.2800,      8.81000,      9.07800,      6.71000,      5.43600,      4.83100,      4.52900,      8.87059,      9.72484,M1Ve,    0.0870623,     0.649787,     0.497845,      999.900,      2.43000,           1,           1,      30.3412,      1.62483,      1.79534,     0.894457,    0.0795342,     0.320596
      102485.,      311.524,     -25.2709,          NaN,      4.55600,      4.13000,          NaN,      3.64000,      3.36300,      3.10400,      3.09400,      3.36172,      14.2448,F5V,      3.74894,     0.983630,      1.45873,          NaN,          NaN,           2,           1,      135.925,     0.148761,      1.65838,     0.287501,     0.185028,     0.745833
      103096.,      313.332,      62.1544,          NaN,      10.0330,      8.55000,      7.70000,      6.58000,      5.42900,      4.91900,      4.61800,      9.31196,      7.04056,M2V,    0.0612807,     0.757127,     0.450320,      102.900,     0.410000,           1,           1,      35.1605,      4.33093,      1.65488,      1.06124,     0.209909,     0.846127
      104214.,      316.725,      38.7494,      7.50000,      6.26900,      5.20000,      4.19000,      4.07000,      3.12000,      2.50000,      2.68000,      7.48142,      3.49717,K5V,     0.129862,      1.43334,     0.558096,      31.4000,     0.850000,           3,           1,      103.044,      10.2321,     0.666338,    0.0260439,     0.248046,     0.999855
      104217.,      316.730,      38.7421,      8.63000,      7.35900,      6.05000,      4.86000,      4.78000,      3.55000,      2.86000,      2.32000,      8.33294,      3.49472,K7V,    0.0889313,      1.57301,     0.500876,      31.4000,    -0.850000,           1,           1,      85.3326,      4.53856,     0.933788,    0.0240738,     0.248041,     0.999836
      105090.,      319.314,     -38.8674,      9.21000,      8.08700,      6.69000,          NaN,      4.92000,      4.04600,      3.25600,      3.10000,      8.69553,      3.97094,M1/M2V,    0.0774139,      1.43920,     0.481415,          NaN,          NaN,           1,           1,      70.0674,      10.7658,      1.02441,    0.0345577,     0.247730,     0.998579
      106440.,      323.392,     -49.0090,      11.3590,      10.1810,      8.66000,      7.66500,      6.48000,      5.34900,      4.76600,      4.50100,      10.1804,      4.96506,M1V,    0.0356183,     0.794106,     0.385649,          NaN,          NaN,           1,           1,      38.0112,      2.88992,      1.30558,     0.195303,     0.242689,     0.978259
      106696.,      324.172,     -50.8454,      8.60300,      8.01900,      7.14000,      6.66000,      6.20000,      5.51800,      5.13700,      4.97000,      6.28661,      14.8142,K2V,     0.317094,     0.432519,     0.720248,          NaN,          NaN,           1,           1,      38.0116,      3.13323,      1.60420,      1.40468,    0.0940898,     0.379269
      107350.,      326.131,      14.7719,          NaN,      6.54700,      5.96000,      6.16000,      5.30000,      4.79000,      4.60000,      4.56000,      4.66824,      18.1281,G0V,      1.17662,     0.513276,      1.04757,      43.2000,      10.5000,           1,           1,      59.8365,      7.38635,      3.76865,      2.13872,     0.155837,     0.628166
      107556.,      326.760,     -16.1273,      3.22000,      3.03000,      2.85000,      2.59000,      2.50000,      2.34000,      2.06300,      2.14000,      2.17777,      13.6284,A5mF2(IV),      10.8565,      1.23842,      1.97657,      49.9000,      12.1300,           3,           1,      241.769,     0.897394,     0.833012,    0.0416939,    0.0448968,     0.180975
      107649.,      327.066,     -47.3036,          NaN,      6.17100,      5.57000,          NaN,      4.91000,      4.72000,      4.30600,      4.23600,      4.60984,      15.5608,G2V,      1.25087,     0.624464,      1.06604,      79.0000,      3.12000,           1,           1,      71.8744,      4.66127,      2.36164,      1.19084,     0.192824,     0.777257
      108036.,      328.324,     -13.5518,          NaN,      5.45800,      5.08000,          NaN,      4.65000,      4.29900,      4.06200,      4.18000,      2.91830,      27.0607,F3IV,      5.54132,     0.597459,      1.63103,          NaN,          NaN,           1,           1,      86.9896,     0.417180,      3.37767,      1.27590,     0.117066,     0.471883
      108870.,      330.840,     -56.7860,          NaN,      5.74600,      4.69000,          NaN,      3.54000,      2.89400,      2.34900,      2.23700,      6.88512,      3.63895,K5V,     0.221489,      1.77164,     0.650066,      403.100,      11.7600,           3,           1,      129.330,      41.2435,     0.867611,    0.0494925,     0.247840,     0.999023
      109176.,      331.753,      25.3451,      4.19000,      4.20500,      3.77000,      3.36000,      3.26000,      2.95000,      2.73000,      2.50000,      3.41105,      11.7975,F5V,      3.57953,      1.17403,      1.43958,      127.200,      7.45000,           3,           1,      160.370,     0.963083,      1.25624,     0.188463,     0.184421,     0.743387
      109422.,      332.537,     -32.5484,          NaN,      5.42900,      4.94000,          NaN,      4.40000,      3.93000,      3.63900,      3.70400,      3.62150,      18.3527,F6V,      2.97901,     0.731364,      1.36600,          NaN,          NaN,           1,           1,      94.0451,      10.7347,      3.51536,      1.60421,     0.136391,     0.549782
      109821.,      333.661,     -41.3817,      7.02000,      6.87800,      6.23000,          NaN,      5.53000,      5.09500,      4.76000,      4.66200,      4.48105,      22.3764,G5V,      1.42442,     0.487205,      1.10636,          NaN,          NaN,           1,           1,      53.3370,     0.758687,      1.82063,      1.39346,     0.119064,     0.479937
      110649.,      336.235,     -57.7974,      6.09000,      5.97500,      5.31000,      4.79000,      4.58000,      4.14000,      3.79000,      3.74000,      3.75610,      20.4540,F9V,      2.81108,     0.759575,      1.34354,      24.0000,      7.68000,           1,           1,      81.9706,      1.90272,      4.02076,      1.24647,     0.181131,     0.730125
      111449.,      338.673,     -20.7082,          NaN,      5.65600,      5.21000,          NaN,      4.72000,      4.53200,      4.26600,      4.33000,      3.40652,      22.9455,F7V,      3.59519,     0.613134,      1.44138,          NaN,          NaN,           1,           1,      82.6349,     0.967507,      3.81769,      1.82859,     0.167338,     0.674528
      112447.,      341.673,      12.1729,      4.66000,      4.70100,      4.20000,      3.73000,      3.60000,      3.22000,      3.07800,      2.87000,      3.17590,      16.0258,F7V,      4.50934,      1.04315,      1.53776,      11.1000,      8.20000,           3,           1,      132.506,      10.5719,      2.77427,     0.921174,     0.142101,     0.572796
      113020.,      343.320,     -14.2637,      12.9280,      11.7570,      10.1600,      9.01300,      7.39000,      5.93400,      5.34900,      5.01000,      11.8107,      4.67581,M5,    0.0124362,     0.487302,     0.285512,          NaN,          NaN,           1,           1,      23.8499,      2.54274,      1.82646,      1.02042,     0.102923,     0.414873
      113283.,      344.100,     -31.5656,          NaN,      7.57400,      6.48000,          NaN,      5.28000,      4.53300,      3.80400,      3.80500,      7.07360,      7.60815,K4Vp,     0.194743,     0.831635,     0.626598,      999.900,     -5.35000,           1,           1,      58.0032,      2.16107,      1.24913,     0.105265,     0.245876,     0.991109
      113296.,      344.145,      16.5534,      11.3230,      10.1870,      8.68000,      7.65700,      6.58000,      5.36000,      4.80000,      4.52300,      9.49597,      6.86763,M2:,    0.0608652,     0.758644,     0.449445,          NaN,          NaN,           1,           1,      35.9234,      2.51759,      1.91450,     0.740311,     0.219458,     0.884617
      113357.,      344.367,      20.7688,      6.39000,      6.11600,      5.45000,      4.97000,      4.76000,      4.66000,      4.23000,      3.91100,      4.50280,      15.4682,G5V,      1.41420,     0.713008,      1.10409,      2.90000,      10.0000,           1,           1,      76.8804,      18.7782,      3.57585,      1.73699,     0.140855,     0.567777
      113421.,      344.565,     -2.39539,          NaN,      6.91400,      6.17000,          NaN,      5.38000,      4.94900,      4.76500,      4.53600,      4.65689,      20.0735,G8IV,      1.28589,     0.563517,      1.07449,     0.300000,          NaN,           1,           1,      56.4909,      2.40261,      3.11395,      1.63995,     0.142766,     0.575477
      113576.,      345.067,     -22.5243,      10.4940,      9.25900,      7.88000,      7.01400,      6.25000,      5.34600,      4.69600,      4.47800,      8.30273,      8.23101,K5/M0V,     0.105143,     0.796777,     0.525423,          NaN,          NaN,           1,           1,      39.3946,      10.8382,      2.12499,      1.22913,     0.189420,     0.763536
      114046.,      346.467,     -35.8531,          NaN,      8.83300,      7.35000,          NaN,      5.33000,      4.34000,      3.61000,      3.46000,      9.76593,      3.28711,M2/M3V,    0.0403402,      1.31574,     0.399613,          NaN,          NaN,           1,           1,      61.1019,      5.65907,     0.805945,    0.0249179,     0.247758,     0.998694
      114924.,      349.176,      53.2135,          NaN,      6.13600,      5.58000,      5.20000,      4.95000,      4.87100,      4.59900,      4.30600,      4.01590,      20.5503,F7V,      2.12931,     0.589569,      1.24103,      149.400,      7.77000,           1,           1,      71.0070,      6.11290,      3.93388,      2.13721,     0.138480,     0.558203
      114948.,      349.240,     -62.0012,          NaN,      6.16100,      5.64000,          NaN,      5.05000,      5.10000,      4.60600,      4.43700,      4.08548,      20.4599,F7V,      1.96747,     0.550349,      1.21332,          NaN,          NaN,           1,           1,      68.5568,      3.49589,      3.28577,      2.08415,     0.154971,     0.624676
      116085.,      352.843,      59.1655,          NaN,      7.59900,      6.76000,      6.20000,      5.91000,      5.34600,      4.97500,      4.79700,      5.62354,      16.8768,K2V,     0.564114,     0.486940,     0.849106,          NaN,          NaN,           1,           1,      44.5034,      2.56396,      2.06155,      1.62203,     0.126222,     0.508790
      116771.,      354.988,      5.62629,      4.64000,      4.63700,      4.13000,      3.68000,      3.54000,      3.29900,      2.98800,      2.75000,      3.48917,      13.4328,F7V,      3.38693,      1.08503,      1.41701,      122.600,      9.92000,           3,           1,      137.005,      10.6424,      2.52989,     0.896338,     0.182253,     0.734646
      117473.,      357.302,      2.40122,      11.5320,      10.4400,      8.98000,      8.02900,      6.94000,      5.82700,      5.28200,      5.04300,      10.1240,      5.90463,M2V,    0.0263418,     0.585833,     0.353798,          NaN,          NaN,           1,           1,      27.4872,      4.92930,      1.37272,      1.38764,     0.136017,     0.548275
