HIP,vmag,dist (pc),Type,EEID (mas),nexozodis (zodis),Detection Coronagraph ID,Characterization Coronagraph ID,Total BB Imaging Time (days),Total Spec Char Time (days),Total EEC Yield,Total HZ Completeness
      544.000,      6.07000,      13.7786,K0V,      59.3357,      2.46515,           2,           1,      1.65000,     0.347042,     0.237260,     0.956376
      910.000,      4.89000,      17.9898,F5V,      96.2054,      1.97908,           3,           1,      1.38119,     0.543953,     0.190215,     0.766742
      950.000,      5.24000,      21.6480,F3/F5V,      81.5825,      2.72662,           2,           1,      2.95483,      1.18639,     0.186827,     0.753085
      1292.00,      6.59000,      17.5648,G6V,      46.6432,      10.9041,           2,           1,      2.14649,      1.23933,     0.119315,     0.480951
      1475.00,      8.09000,      3.56265,M1V,      55.9652,      264.381,           2,           1,      1.78649,     0.110515,     0.233136,     0.939752
      1599.00,      4.23000,      8.53476,F9V,      132.589,      1.25115,           3,           2,     0.791689,    0.0778631,     0.246006,     0.991629
      2021.00,      2.82000,      7.45879,G2IV,      255.975,      1.11589,           3,           3,     0.513106,    0.0162580,     0.114382,     0.461065
      3093.00,      5.88000,      11.1372,K0V,      67.2366,      4.45846,           2,           1,      1.36369,     0.227854,     0.241406,     0.973087
      3497.00,      6.55000,      22.0298,G3V,      46.1145,     0.556068,           2,           1,      2.67741,      1.52539,     0.172050,     0.693521
      3505.00,      5.22000,      27.2472,F0V,      81.2008,     0.123055,           2,           1,      2.57494,     0.830699,     0.146233,     0.589456
      3583.00,      5.80000,      14.9939,G5IV,      65.0070,      6.06370,           2,           1,      2.15951,     0.697208,     0.228828,     0.922390
      3765.00,      5.74000,      7.43500,K2V,      72.5810,     0.348517,           2,           1,      1.07553,    0.0433024,     0.247791,     0.998826
      3810.00,      5.07000,      23.2305,F8V...,      88.7639,      2.85995,           3,           1,      1.93097,     0.977243,     0.139659,     0.562956
      3821.00,      3.46000,      5.83819,G0VSB,      189.219,     0.732871,           3,           3,     0.542699,    0.0235256,     0.208526,     0.840553
      3909.00,      5.17000,      15.8800,F7IV-V,      84.9900,      10.8118,           2,           1,      3.11102,      1.48066,     0.223086,     0.899244
      4151.00,      4.80000,      18.8007,F8V,      101.376,      8.15501,           3,           1,      2.07135,     0.961797,     0.167367,     0.674643
      5862.00,      4.97000,      15.1769,F8V,      94.2440,      2.33512,           3,           1,      1.50105,     0.518942,     0.228253,     0.920069
      6706.00,      5.35000,      25.5935,F2V:var,      77.2053,      1.58890,           2,           1,      3.29971,      1.79437,     0.166075,     0.669435
      7339.00,      6.52000,      21.0559,G6V,      47.1412,     0.190346,           2,           1,      1.98240,      1.17111,     0.180577,     0.727893
      7513.00,      4.10000,      13.4100,F8V,      139.819,      2.21254,           3,           2,     0.840513,     0.183786,     0.186163,     0.750408
      7751.00,      5.76000,      8.18777,K0V,      71.7820,     0.903201,           2,           1,     0.926204,     0.101511,     0.246914,     0.995289
      7978.00,      5.52000,      17.3444,F8V,      72.9311,      1.08430,           2,           1,      2.35057,     0.730812,     0.230194,     0.927893
      7981.00,      5.24000,      7.60512,K1V,      89.4359,      2.86923,           2,           1,     0.908220,    0.0594066,     0.243346,     0.980907
      8102.00,      3.49000,      3.60339,G8V,      193.533,      146.257,           3,           2,     0.652836,    0.0413561,     0.211929,     0.854270
      8362.00,      5.63000,      10.0427,K0V,      73.9598,      150.180,           2,           1,      3.93317,      1.68140,     0.211147,     0.851117
      8514.00,      6.37000,      25.9284,F6V,      49.0065,     0.855915,           2,           1,      2.28442,      1.48531,     0.127231,     0.512860
      10138.0,      6.12000,      10.7870,K0V,      59.0280,      1.88376,           2,           1,      1.58820,     0.225759,     0.240795,     0.970627
      10644.0,      4.84000,      11.0078,G0V,      100.762,      7.90621,           3,           1,      1.38853,     0.308916,     0.243057,     0.979745
      10723.0,      5.60000,      23.0056,G0.5IV,      70.6318,      1.15155,           2,           1,      3.09161,      1.22600,     0.189777,     0.764976
      10798.0,      6.33000,      12.8344,G8V,      52.3023,      9.16315,           2,           1,      1.73734,     0.604498,     0.230570,     0.929409
      12114.0,      5.79000,      7.23545,K3V,      71.7320,     0.258520,           2,           1,      1.76676,    0.0373169,     0.247952,     0.999476
      12444.0,      5.79000,      21.9251,F6V,      64.0262,      1.71305,           2,           1,      2.94186,      1.24707,     0.196968,     0.793961
      12653.0,      5.40000,      17.3267,G3IV,      77.2056,      2.92922,           2,           1,      3.06824,      1.08490,     0.231437,     0.932904
      12777.0,      4.10000,      11.1488,F7V,      139.113,      2.17284,           3,           2,     0.831086,     0.171258,     0.223507,     0.900938
      12843.0,      4.47000,      14.1353,F5/F6V,      116.625,      4.46484,           3,           2,      1.17891,     0.350857,     0.204204,     0.823131
      14150.0,      6.62000,      21.2066,G8V,      45.1810,      1.23654,           2,           1,      2.33164,      1.29714,     0.146474,     0.590425
      14632.0,      4.05000,      10.5088,G0V,      144.474,     0.497077,           3,           2,     0.747440,     0.114716,     0.227837,     0.918393
      14879.0,      3.80000,      13.9505,F8V,      160.771,      2.02100,           3,           3,      1.43009,     0.204263,     0.120689,     0.486489
      15330.0,      5.53000,      12.0391,G2V,      73.6288,      4.51998,           2,           1,      1.70475,     0.322421,     0.243443,     0.981300
      15371.0,      5.24000,      12.0464,G1V,      83.6446,     0.622423,           3,           1,      1.25983,     0.203866,     0.246367,     0.993086
      15457.0,      4.84000,      9.14571,G5Vvar,      102.103,     0.532629,           3,           1,     0.847401,    0.0861383,     0.246445,     0.993399
      15510.0,      4.26000,      6.00381,G8V,      135.062,      139.145,           3,           2,      1.55969,     0.281733,     0.246239,     0.992570
      16537.0,      3.72000,      3.20288,K2V,      183.701,      297.000,           3,           2,     0.711655,    0.0495711,     0.222390,     0.896437
      16852.0,      4.29000,      13.9626,F9V,      128.961,     0.361049,           3,           2,     0.829169,     0.157596,     0.196466,     0.791939
      17378.0,      3.52000,      9.07301,K0IV,      203.748,      4.07724,           3,           3,     0.704885,    0.0426181,     0.165338,     0.666464
      17420.0,      7.10000,      13.9550,K2V,      39.4149,     0.178539,           1,           1,      1.79978,     0.506582,     0.135763,     0.547250
      17651.0,      4.22000,      17.6378,F3/F5V,      130.363,     0.964476,           3,           1,     0.825514,     0.246934,     0.132839,     0.535463
      18859.0,      5.38000,      18.7712,F5V,      77.1896,      1.25568,           2,           1,      2.78202,     0.975338,     0.221611,     0.893296
      19233.0,      6.37000,      23.5493,G3V,      50.0012,      2.70510,           2,           1,      2.27586,      1.32491,     0.138222,     0.557163
      19335.0,      5.52000,      21.3150,F7V,      72.4353,     0.216471,           2,           1,      2.73097,     0.942517,     0.207552,     0.836625
      19849.0,      4.43000,      5.03612,K1V,      128.740,      273.686,           3,           2,      1.66289,     0.248339,     0.246665,     0.994289
      21770.0,      4.44000,      20.3644,F2V,      116.209,      1.16621,           3,           1,     0.925526,     0.362697,     0.122415,     0.493445
      22263.0,      5.49000,      13.2413,G3V,      74.9688,      1.40864,           2,           1,      1.75942,     0.297138,     0.242082,     0.975813
      22449.0,      3.19000,      8.04189,F6V,      210.378,      3.59093,           3,           3,     0.580797,    0.0423904,     0.169540,     0.683401
      23311.0,      6.22000,      8.84771,K3V,      63.6670,      1.83349,           2,           1,      1.09107,    0.0741149,     0.245864,     0.991058
      23693.0,      4.71000,      11.6247,F7V,      105.334,     0.357610,           3,           1,     0.998314,     0.174341,     0.242998,     0.979507
      23941.0,      5.11000,      25.1211,F2V,      86.5848,      1.23376,           3,           1,      1.60622,     0.647548,     0.121679,     0.490480
      24186.0,      8.86000,      3.93350,M0V,      37.2889,      7.08868,           1,           1,      1.11940,     0.318977,     0.193769,     0.781069
      25110.0,      5.08000,      20.9654,F6V,      88.4232,     0.874780,           3,           1,      1.44005,     0.653652,     0.173475,     0.699265
      25278.0,      5.00000,      14.5852,F8VSB,      92.5329,      4.17469,           3,           1,      1.73458,     0.807267,     0.233014,     0.939262
      25486.0,      6.30000,      26.8773,F7V:,      50.9422,     0.911326,           2,           1,      2.48374,      1.46527,     0.131989,     0.532037
      25878.0,      7.97000,      5.70032,M1V,      45.0484,      4.77886,           2,           1,      1.06539,    0.0677180,     0.243849,     0.982937
      26394.0,      5.65000,      18.2798,G3IV,      69.2525,      4.08935,           2,           1,      3.11641,      1.31562,     0.222668,     0.897557
      27072.0,      3.59000,      8.88013,F7V,      174.901,      4.73721,           3,           3,     0.673923,    0.0767137,     0.206021,     0.830454
      27435.0,      5.97000,      15.2547,G4V,      60.1215,      2.09249,           2,           1,      1.66696,     0.471913,     0.229851,     0.926511
      28103.0,      3.71000,      14.5080,F1V,      162.585,      1.32076,           3,           2,     0.663272,     0.128183,     0.130602,     0.526446
      29271.0,      5.08000,      10.2147,G5V,      92.7214,      10.4732,           3,           1,      1.28353,     0.313942,     0.242914,     0.979166
      29525.0,      6.43000,      18.6451,G8V,      48.9027,     0.517230,           2,           1,      1.94444,      1.03666,     0.213134,     0.859126
      29568.0,      6.37000,      16.7331,G5V,      51.1683,      4.11336,           2,           1,      2.19641,     0.943049,     0.213368,     0.860070
      29650.0,      5.20000,      20.8810,F6V,      83.0339,      5.06328,           2,           1,      3.38380,      1.39056,     0.190472,     0.767779
      29800.0,      5.04000,      19.5339,F5IV-V,      89.3792,      2.98175,           3,           1,      1.76705,      1.04669,     0.184953,     0.745530
      30314.0,      6.53000,      23.8896,G1V,      46.3350,     0.251238,           2,           1,      2.34485,      1.44205,     0.143751,     0.579449
      32439.0,      5.44000,      18.2053,F8V,      75.2422,     0.491402,           2,           1,      2.41530,     0.613891,     0.226513,     0.913057
      32480.0,      5.24000,      16.6481,G0V,      83.2645,      1.04319,           3,           1,      1.65059,     0.598659,     0.226729,     0.913928
      33277.0,      5.74000,      17.4695,G0V,      66.1240,      2.37051,           2,           1,      2.50482,     0.913316,     0.224595,     0.905327
      33690.0,      6.81000,      18.3602,K0IV-V,      42.8520,      2.76793,           2,           1,      2.28247,      1.28501,     0.149349,     0.602013
      33817.0,      6.71000,      14.6730,K1V,      46.3663,      3.93681,           2,           1,      2.01056,     0.816741,     0.216040,     0.870842
      34017.0,      5.93000,      18.9508,G4V,      60.7843,      10.7065,           2,           1,      2.99649,      1.53744,     0.182281,     0.734759
      34065.0,      5.56000,      17.0529,G3V...,      72.5359,      7.85859,           2,           1,      2.73288,      1.05098,     0.209813,     0.845740
      34069.0,      6.83000,      17.0533,K0V,      42.3880,     0.543836,           1,           1,      1.67306,     0.541334,     0.118571,     0.477951
      34834.0,      4.49000,      20.8582,F0IV,      113.552,      2.12029,           3,           1,      1.07583,     0.448810,     0.120975,     0.487639
      35136.0,      5.54000,      16.8671,G0V,      72.5286,      2.75021,           2,           1,      2.71479,     0.797899,     0.232397,     0.936773
      36208.0,      9.84000,      3.80257,M5,      25.9413,      139.672,           1,           4,      2.33121,     0.382258,     0.199506,     0.804192
      36366.0,      4.16000,      18.0473,F0V...,      132.201,      2.18982,           3,           1,     0.905056,     0.386434,     0.123513,     0.497873
      36515.0,      6.66000,      21.7704,G3V,      43.7570,      1.35412,           2,           1,      2.34246,      1.45677,     0.135643,     0.546768
      37349.0,      7.18000,      14.1001,K2V,      37.4011,      1.35976,           1,           1,     0.667813,     0.236090,    0.0585923,     0.236181
      37606.0,      5.04000,      22.4734,G5IV,      95.9372,     0.841337,           3,           1,      1.50630,     0.350657,     0.137684,     0.554994
      38423.0,      5.01000,      18.2563,F3/F5V,      90.8075,      2.24766,           3,           1,      1.23404,      2.01356,    0.0871727,     0.351386
      38784.0,      6.55000,      17.1501,G8V,      47.2013,      1.64202,           2,           1,      1.85412,     0.971523,     0.211492,     0.852507
      38908.0,      5.59000,      16.1993,G2V...,      70.8534,      2.20824,           2,           1,      2.02247,     0.585412,     0.229873,     0.926598
      39903.0,      4.74000,      19.9800,F5V,      102.576,      10.0447,           3,           1,      2.22108,      1.18094,     0.150400,     0.606249
      40035.0,      5.53000,      22.6447,F7V,      71.6584,      1.64497,           2,           1,      3.28223,     0.970689,     0.198526,     0.800244
      40693.0,      5.95000,      12.5637,K0V,      62.7606,      4.40235,           2,           1,      1.47008,     0.387243,     0.238418,     0.961046
      40843.0,      5.13000,      18.2269,F6V,      86.1389,      2.66278,           3,           1,      1.81364,     0.778554,     0.204125,     0.822813
      41211.0,      5.61000,      26.8130,F3V,      68.9596,      1.42032,           2,           1,      3.54149,      1.63253,     0.166485,     0.671087
      41484.0,      6.32000,      21.9880,G5V,      51.1156,      2.04230,           2,           1,      2.95775,      1.52864,     0.184746,     0.744696
      41926.0,      6.38000,      12.1818,K0V,      52.1622,      5.84417,           2,           1,      1.37830,     0.456683,     0.235296,     0.948461
      42172.0,      5.91000,      26.2801,F8V,      60.6736,      1.16516,           2,           1,      3.21079,      2.82982,     0.162786,     0.656179
      42438.0,      5.63000,      14.4508,G1.5Vb,      70.1775,      2.20382,           2,           1,      1.67747,     0.414024,     0.235841,     0.950658
      42808.0,      6.58000,      11.1860,K2V,      49.8318,      2.48635,           2,           1,      1.18174,     0.202975,     0.240519,     0.969515
      43587.0,      5.96000,      12.5901,G8V,      65.2748,      1.33607,           2,           1,      1.51704,     0.227030,     0.238993,     0.963362
      43726.0,      6.01000,      16.8501,G3V,      59.2925,     0.476893,           2,           1,      1.72270,     0.463865,     0.226795,     0.914194
      44143.0,      5.17000,      26.1912,F3V,      84.1756,      2.00555,           2,           1,      2.93205,      1.39115,     0.140362,     0.565789
      44897.0,      5.95000,      19.0405,F9V,      60.1025,      3.22684,           2,           1,      2.68958,      1.06656,     0.213272,     0.859682
      45038.0,      4.80000,      20.6074,F7IV-V,      100.308,     0.834611,           3,           1,      1.85928,      2.69724,     0.139471,     0.562195
      45333.0,      5.18000,      19.6589,F9V,      86.1198,      2.01705,           3,           1,      1.80585,     0.707464,     0.188364,     0.759282
      45343.0,      7.64000,      6.33394,M0V,      46.3404,      150.345,           2,           1,      2.45463,     0.417459,     0.193593,     0.780360
      46509.0,      4.59000,      17.7639,F6V,      109.886,      12.1900,           3,           1,      1.98440,      1.16746,     0.164278,     0.662193
      46580.0,      7.20000,      12.7830,K3V,      39.4470,      4.86289,           1,           1,      1.96273,     0.445548,     0.111634,     0.449988
      46853.0,      3.17000,      13.9023,F6IV,      212.036,    0.0962648,           3,           3,     0.535272,    0.0240533,    0.0596417,     0.240411
      47080.0,      5.40000,      11.2035,G8IV-V,      81.5038,      4.12876,           2,           1,      1.81961,     0.243632,     0.244755,     0.986588
      47592.0,      4.93000,      14.8216,G0V,      95.3627,      50.7565,           2,           1,      3.30650,      1.84773,     0.168381,     0.678732
      48113.0,      5.08000,      18.9038,G2V,      90.4199,      4.84293,           3,           1,      2.12934,     0.894022,     0.187497,     0.755786
      48331.0,      7.67000,      11.2847,K5V,      36.5944,      2.41223,           1,           1,      1.47904,     0.312644,    0.0949689,     0.382812
      49081.0,      5.37000,      14.9263,G1V,      79.9954,      2.72443,           2,           1,      2.34252,     0.508845,     0.234845,     0.946643
      49908.0,      6.60000,      4.86875,K8V,      67.1894,      38.2227,           2,           1,      1.02566,    0.0587071,     0.247063,     0.995891
      50075.0,      6.38000,      22.4424,G0V,      49.3669,     0.445906,           2,           1,      2.04601,      1.29490,     0.173210,     0.698197
      50384.0,      5.81000,      22.3317,F8Vw,      63.1185,     0.337671,           2,           1,      2.48008,      1.15684,     0.189773,     0.764961
      50505.0,      6.66000,      20.2503,G5,      43.8012,      1.74939,           2,           1,      2.29764,      1.37696,     0.149560,     0.602863
      50954.0,      3.99000,      16.1427,F2IV,      143.431,    0.0862800,           3,           2,     0.674335,     0.133453,     0.134495,     0.542138
      51248.0,      6.42000,      22.9236,G1V,      48.7054,      2.38381,           2,           1,      2.22897,      1.17606,     0.121591,     0.490122
      51317.0,      9.65000,      7.03292,M2,      22.9815,      10.8244,           1,           4,      2.35448,      1.06958,     0.130728,     0.526954
      51459.0,      4.82000,      12.9141,F8V,      100.468,     0.787925,           3,           1,      1.12114,     0.301266,     0.240817,     0.970714
      51502.0,      5.25000,      22.7302,F2V,      80.9148,     0.691860,           2,           1,      2.65114,     0.919102,     0.188417,     0.759494
      51814.0,      5.16000,      26.8214,F1V,      83.4671,      2.00876,           2,           1,      2.88850,      1.64580,     0.136226,     0.549116
      53721.0,      5.03000,      13.8021,G0V,      92.5877,      2.35947,           3,           1,      1.46563,     0.410420,     0.238756,     0.962407
      53767.0,      10.0300,      6.75090,M3,      20.4986,     0.838086,           1,           4,      2.35816,     0.766214,     0.105864,     0.426730
      54035.0,      7.49000,      2.54686,M2V,      61.0905,      1.78908,           2,           1,     0.771175,    0.0177578,     0.248070,     0.999951
      54211.0,      8.82000,      4.84801,M2Vvar,      31.8364,      150.883,           1,           4,      2.45524,     0.941675,     0.195322,     0.787329
      54745.0,      6.41000,      22.6538,G0V,      48.8018,      2.92534,           2,           1,      2.50270,      1.51276,     0.143825,     0.579746
      55691.0,      7.22000,      12.1175,K7V+...,      48.2789,      1.52274,           2,           1,      1.65946,     0.154124,     0.224901,     0.906558
      55779.0,      5.18000,      27.5175,F7V,      84.2888,     0.157177,           3,           1,      1.39030,     0.505429,    0.0979833,     0.394963
      55846.0,      6.49000,      18.2091,K0IV,      49.5590,     0.841662,           2,           1,      1.88622,     0.782586,     0.200044,     0.806364
      56280.0,      4.93000,      27.7315,F8V,      95.4850,    0.0706321,           3,           1,      1.17070,      1.76129,    0.0749873,     0.302268
      56452.0,      5.96000,      9.54355,K0V,      63.5425,     0.446578,           2,           1,      1.19034,    0.0837303,     0.246932,     0.995365
      56997.0,      5.31000,      9.57942,G8Vvar,      83.6418,      1.82375,           2,           1,      1.13851,     0.103770,     0.246082,     0.991938
      57443.0,      4.89000,      9.29187,G3/G5V,      99.4253,      4.81943,           3,           1,     0.950286,     0.150269,     0.246261,     0.992659
      57507.0,      6.48000,      17.7407,G5V,      47.9776,      13.3903,           2,           1,      2.25565,      1.26355,     0.135156,     0.544805
      57548.0,      11.1200,      3.37487,M4.5V,      20.5898,      1.60726,           1,           4,      1.92356,     0.185749,     0.147831,     0.595894
      57757.0,      3.59000,      11.1203,F8V,      176.097,      150.332,           3,           2,      2.79857,      1.12075,     0.161046,     0.649164
      57939.0,      6.42000,      9.17809,G8Vp,      50.5460,      4.53400,           2,           1,      1.14523,     0.138804,     0.247268,     0.996717
      58576.0,      5.54000,      12.6974,K0IV,      76.0128,      2.45419,           2,           1,      2.19624,     0.303478,     0.243519,     0.981608
      59199.0,      4.02000,      14.9534,F0IV/V,      140.929,      1.29485,           3,           2,     0.755364,     0.211515,     0.159887,     0.644494
      59750.0,      6.11000,      22.3514,F5V,      54.7168,      2.46510,           2,           1,      2.76666,      1.63388,     0.184173,     0.742388
      61174.0,      4.30000,      17.9613,F2V,      124.982,      6.70044,           3,           2,      1.26035,     0.466660,     0.134595,     0.542542
      61317.0,      4.24000,      8.61105,G0V,      132.130,      2.56568,           3,           2,     0.831238,    0.0920395,     0.245877,     0.991110
      62207.0,      5.95000,      17.5652,G0V,      59.8924,      1.20280,           2,           1,      2.00613,     0.643945,     0.225266,     0.908031
      62523.0,      6.29000,      17.0996,G7V,      52.8087,      2.99665,           2,           1,      2.03430,     0.839280,     0.214567,     0.864905
      62951.0,      8.51000,      7.52842,A2,      18.1937,      2.67828,           4,           4,      1.90423,      1.69753,     0.222168,     0.895541
      63721.0,      8.75000,      4.61638,F3V,      16.1972,      4.33235,           4,           4,     0.938570,     0.619693,     0.243313,     0.980777
      64394.0,      4.23000,      9.18315,G0V,      132.528,      2.70214,           3,           2,     0.854954,     0.112785,     0.244638,     0.986119
      64408.0,      4.85000,      20.2948,G3V,      101.946,      11.7856,           3,           1,      2.77775,      1.05329,     0.142409,     0.574040
      64583.0,      4.90000,      18.1771,F7IV,      95.7934,      2.15430,           3,           1,      1.37663,      2.72512,     0.145492,     0.586469
      64792.0,      5.19000,      17.5381,G0Vs,      85.2894,     0.638581,           3,           1,      1.56302,     0.608722,     0.218182,     0.879474
      64797.0,      6.49000,      10.9851,K2V,      52.1720,    0.0359144,           2,           1,      1.06749,    0.0908430,     0.243085,     0.979856
      64924.0,      4.74000,      8.50535,G5V,      108.163,      2.55783,           3,           1,     0.923612,    0.0910184,     0.245383,     0.989119
      65530.0,      6.50000,      20.9085,G6V,      48.4464,      4.51623,           2,           1,      3.06736,      1.70439,     0.166988,     0.673115
      65721.0,      4.97000,      17.9100,G5V,      97.5395,      2.02485,           3,           1,      1.55781,     0.471091,     0.188298,     0.759015
      66765.0,      6.92000,      15.6935,K1V,      41.7395,      7.21382,           2,           1,      2.37575,      1.16956,     0.142118,     0.572866
      67153.0,      4.23000,      18.7956,F3V,      129.156,      25.5474,           3,           2,      2.22097,     0.946076,     0.106213,     0.428136
      67155.0,      8.46000,      5.43527,M3V,      33.2797,      2.08174,           1,           1,      1.26301,     0.289276,     0.137488,     0.554202
      67927.0,      2.68000,      11.3960,G0IV,      270.827,      1.37867,           3,           3,     0.502838,   0.00972612,    0.0430785,     0.173646
      68184.0,      6.49000,      10.0778,K3V,      55.9271,     0.299291,           2,           1,      1.15031,     0.101708,     0.245546,     0.989777
      69671.0,      6.31000,      20.7188,F9V,      51.0405,     0.720457,           2,           1,      2.23249,      1.13874,     0.199326,     0.803469
      69972.0,      6.66000,      11.8408,K3V,      50.9970,      1.78797,           2,           1,      1.34135,     0.220789,     0.238120,     0.959842
      70319.0,      6.25000,      17.4385,G1V,      52.8479,      6.60195,           2,           1,      2.96092,      1.27602,     0.203061,     0.818525
      70890.0,      11.0100,      1.30124,M5Ve,      23.6484,      2.42113,           1,           4,     0.893609,    0.0217483,     0.237371,     0.956825
      71181.0,      7.24000,      13.2434,K3V,      38.6151,      2.12380,           1,           1,      1.89269,     0.482914,     0.120585,     0.486070
      71284.0,      4.47000,      15.6584,F3Vwvar,      114.898,      4.96141,           3,           1,      1.23095,     0.583890,     0.189846,     0.765256
      71908.0,      3.18000,      15.8873,F1Vp,      206.541,      9.56413,           3,           2,     0.728758,    0.0878638,    0.0444827,     0.179306
      72603.0,      5.15000,      23.3685,F3V,      84.7626,      2.14593,           2,           1,      2.86395,      1.22789,     0.167785,     0.676329
      72659.0,      4.54000,      6.73312,G8V+K4V,      119.147,      7.55694,           3,           1,      1.04761,     0.109500,     0.234751,     0.946262
      72848.0,      6.00000,      11.3752,K2V,      63.2425,     0.875574,           2,           1,      1.30744,     0.156867,     0.243568,     0.981804
      73184.0,      5.72000,      5.88197,K4V,      78.9888,      150.946,           2,           1,      2.00589,     0.273054,     0.244083,     0.983878
      73996.0,      4.93000,      19.3546,F5V,      94.0311,      1.70915,           3,           1,      1.37833,     0.636446,     0.178958,     0.721367
      74605.0,      5.15000,      25.2998,F9IV,      86.4623,      2.88538,           2,           1,      3.19897,      1.03904,     0.140172,     0.565022
      75181.0,      5.65000,      14.6882,G2V,      69.6674,      1.60349,           2,           1,      1.82917,     0.383364,     0.236862,     0.954773
      75809.0,      6.57000,      21.8066,G8IV-V+...,      45.8836,      2.08814,           2,           1,      2.26626,      1.33321,     0.139745,     0.563299
      76074.0,      9.31000,      5.91690,M0,      28.4625,     0.888023,           1,           4,      1.40667,      1.31411,     0.225611,     0.909422
      76829.0,      4.64000,      17.3923,F5IV-V,      107.410,      5.60329,           3,           1,      1.49122,     0.833817,     0.178553,     0.719735
      77257.0,      4.42000,      11.8186,G0Vvar,      122.180,     0.932831,           3,           2,     0.924797,     0.166795,     0.232977,     0.939113
      77358.0,      6.01000,      15.2595,G6IV,      60.4440,    0.0383264,           2,           1,      1.58539,     0.340798,     0.233479,     0.941137
      77760.0,      4.60000,      15.8321,F9V,      111.630,      2.58507,           3,           1,      1.16386,     0.365807,     0.193382,     0.779509
      78072.0,      3.85000,      11.1782,F6V,      155.093,      7.02951,           3,           2,     0.893406,     0.196503,     0.201555,     0.812452
      78527.0,      4.01000,      21.4801,F8IV-V,      145.473,     0.710893,           3,           1,     0.751330,    0.0785369,    0.0504900,     0.203521
      78775.0,      6.66000,      14.3705,G8V,      44.9795,      4.38490,           2,           1,      1.78806,     0.862562,     0.207798,     0.837616
      79248.0,      6.61000,      17.9416,K0V,      48.4964,      2.88911,           2,           1,      2.10775,     0.911422,     0.185827,     0.749052
      79492.0,      6.68000,      24.3007,G8V,      45.0570,    0.0172805,           2,           1,      2.18464,     0.743711,     0.123168,     0.496480
      79537.0,      7.53000,      13.6191,K0V,      30.8333,      10.3837,           1,           4,      1.60260,      1.86993,    0.0990680,     0.399335
      79607.0,      5.23000,      22.6580,F8V,      84.0042,      2.61571,           2,           1,      2.40279,      3.12144,     0.149284,     0.601753
      79672.0,      5.49000,      14.1308,G1V,      75.0445,     0.988448,           2,           1,      2.00045,     0.397514,     0.241210,     0.972298
      80337.0,      5.37000,      12.9080,G3/G5V,      79.1774,      6.70379,           2,           1,      1.93686,     0.513366,     0.237445,     0.957123
      80459.0,      10.1300,      6.47371,M2,      23.8165,     0.483627,           1,           4,      2.17143,      1.38678,     0.169314,     0.682493
      80686.0,      4.90000,      12.1768,F9V,      97.1020,    0.0680988,           3,           1,      1.05515,     0.205065,     0.244042,     0.983716
      80824.0,      10.1000,      4.30646,M4,      24.9444,      2.97304,           1,           4,      1.65372,     0.512032,     0.229819,     0.926382
      81300.0,      5.77000,      9.91954,K2V,      69.6931,      17.8411,           2,           1,      1.57700,     0.339500,     0.240451,     0.969238
      82588.0,      6.65000,      16.7959,G8V,      45.3721,      10.1799,           2,           1,      2.61120,      1.36553,     0.156180,     0.629548
      82860.0,      4.88000,      15.0841,F6Vvar,      96.5586,      6.61753,           3,           1,      1.78699,     0.833424,     0.223652,     0.901525
      83389.0,      6.76000,      18.2937,G8V,      42.9357,      2.85091,           2,           1,      2.31896,      1.29580,     0.155377,     0.626311
      83609.0,      9.25000,      5.61545,G0,      13.2221,      1.76720,           4,           4,      1.58728,     0.787342,     0.219675,     0.885494
      84478.0,      6.33000,      5.94994,K5V,      66.8262,      146.757,           2,           1,      1.86542,     0.279455,     0.237681,     0.958073
      84720.0,      5.47000,      8.78613,M0V,      78.6611,      38.1875,           2,           1,      1.80668,     0.382868,     0.242582,     0.977829
      84893.0,      4.39000,      17.0643,F2/F3V,      120.100,      10.6470,           3,           1,      1.75986,      2.74404,     0.134330,     0.541475
      85235.0,      6.44000,      12.7934,K0V,      50.1970,      2.51637,           2,           1,      1.56969,     0.338534,     0.241904,     0.975097
      85295.0,      7.54000,      7.71467,K7V,      45.0274,      2.67974,           2,           1,      1.14244,     0.131981,     0.238747,     0.962369
      85523.0,      9.38000,      4.54957,K5,      30.2637,      4.91189,           1,           4,      1.45931,     0.618711,     0.243437,     0.981276
      86162.0,      9.15000,      4.54999,M3.5Vvar,      28.7357,      2.14840,           1,           4,      1.22201,     0.575833,     0.246563,     0.993877
      86201.0,      4.77000,      23.2522,F5V,      101.218,      2.09441,           3,           1,      1.32831,     0.477450,     0.114042,     0.459696
      86400.0,      6.53000,      10.0868,K3V,      52.1985,      1.14254,           2,           1,      1.46763,     0.103998,     0.247300,     0.996847
      86486.0,      4.76000,      21.2309,F3IV,      101.654,    0.0216457,           3,           1,     0.999415,     0.360897,     0.143543,     0.578609
      86614.0,      4.57000,      22.8363,F5IV-V,      110.957,      4.21886,           3,           1,      1.43827,     0.536443,    0.0983954,     0.396624
      86620.0,      5.81000,      22.7337,G0V,      63.5332,      2.62815,           2,           1,      2.52406,      1.23837,     0.174023,     0.701474
      86736.0,      4.86000,      17.1245,F6/F7V,      97.2900,      2.07662,           3,           1,      1.40280,     0.614823,     0.201552,     0.812441
      86796.0,      5.12000,      15.6051,G5V,      90.0649,      1.91554,           3,           1,      1.65736,     0.540046,     0.227959,     0.918887
      88574.0,      9.37000,      7.72844,M2V,      26.2334,      2.22439,           1,           4,      1.73435,      1.67065,     0.143634,     0.578979
      88601.0,      4.03000,      5.08337,K0VSB,      158.273,     0.566875,           3,           3,     0.808562,    0.0341127,     0.238665,     0.962041
      88694.0,      5.94000,      17.2041,G3V,      60.8112,      2.92575,           2,           1,      2.13569,     0.759759,     0.219662,     0.885440
      88745.0,      5.05000,      15.7392,F7V,      90.1116,      5.50406,           3,           1,      1.91208,     0.781173,     0.223698,     0.901711
      88972.0,      6.38000,      11.0955,K2V,      53.9016,      2.59329,           2,           1,      1.36461,     0.170109,     0.245310,     0.988826
      89042.0,      5.47000,      17.7532,G0V,      75.0646,      4.75319,           2,           1,      3.47324,      1.19816,     0.227257,     0.916057
      89348.0,      4.99000,      22.8482,F5V,      91.4184,      4.41202,           3,           1,      1.99810,     0.981600,     0.137130,     0.552761
      91768.0,      8.94000,      3.52176,K5,      31.5457,      1.50178,           1,           4,      1.31050,     0.215276,     0.247673,     0.998351
      91772.0,      9.70000,      3.52283,K5,      26.7415,      150.968,           1,           4,      2.03844,     0.362028,     0.215709,     0.869505
      92403.0,      10.3700,      2.97510,M3.5Ve,      16.6650,      2.97807,           4,           4,      2.16713,     0.167903,     0.189942,     0.765640
      93966.0,      6.08000,      21.3505,G5V,      58.2384,      4.04139,           2,           1,      2.54205,     0.981558,     0.165140,     0.665667
      94761.0,      9.12000,      5.91160,M3.5V,      25.9809,      7.28031,           1,           4,      1.65970,      1.35696,     0.232552,     0.937398
      95149.0,      6.48000,      19.8861,G1/G2V,      47.5048,      2.80796,           2,           1,      2.04685,      1.31934,     0.163333,     0.658382
      95319.0,      6.37000,      15.6098,G8V,      52.6011,      10.9782,           2,           1,      2.23575,      1.14235,     0.192985,     0.777908
      95447.0,      5.17000,      14.9593,G8IVvar,      90.1780,      2.39856,           3,           1,      1.83641,     0.486626,     0.233806,     0.942453
      95501.0,      3.36000,      15.5255,F0IV,      191.093,      10.2654,           3,           2,     0.845111,     0.124761,    0.0663779,     0.267564
      96100.0,      4.67000,      5.77232,K0V,      114.808,     0.830024,           3,           1,     0.629404,    0.0366173,     0.242418,     0.977170
      96258.0,      5.71000,      25.3469,F7V,      65.8276,     0.616570,           2,           1,      3.14974,      1.14439,     0.186061,     0.749996
      96441.0,      4.49000,      18.4393,F4V,      114.722,      6.71405,           3,           1,      1.66176,      1.42142,     0.150796,     0.607846
      96895.0,      5.99000,      21.1519,G2V,      59.5736,      7.85924,           2,           1,      3.20824,      2.06698,     0.157026,     0.632960
      96901.0,      6.25000,      21.1527,G5V,      53.0883,      4.20789,           2,           1,      1.84447,      1.09235,     0.152506,     0.614741
      97295.0,      5.00000,      20.8998,F5,      91.2997,      10.6991,           2,           1,      3.65851,      1.66580,     0.164191,     0.661839
      97650.0,      5.38000,      27.4312,F0V,      76.2588,     0.983066,           2,           1,      3.20795,      1.43034,     0.151929,     0.612415
      97944.0,      6.22000,      14.1069,K3/K4V,      62.4515,      1.60288,           2,           1,      1.79753,     0.312592,     0.226543,     0.913178
      98036.0,      3.71000,      13.3755,G8IVvar,      183.041,      1.40584,           3,           3,     0.696827,    0.0399756,     0.106021,     0.427363
      98767.0,      5.73000,      16.0143,G6IV+...,      69.3085,      7.04402,           2,           1,      2.83706,     0.896176,     0.223311,     0.900149
      98921.0,      6.18000,      19.0165,G5IV,      54.6587,      4.65843,           2,           1,      2.11905,     0.996792,     0.186945,     0.753562
      98959.0,      6.07000,      17.9148,G2V,      57.4155,      10.9236,           2,           1,      2.91122,      1.48220,     0.191287,     0.771064
      99031.0,      5.38000,      23.9396,K0IV,      84.6458,      2.03743,           3,           1,      2.42113,     0.545237,     0.135846,     0.547586
      99240.0,      3.55000,      6.09561,G5IV-Vvar,      189.294,      2.17188,           3,           3,     0.579908,    0.0267576,     0.207663,     0.837073
      99461.0,      5.32000,      6.01586,K2V,      87.6212,      264.849,           2,           1,      1.86724,     0.319557,     0.235221,     0.948156
      99701.0,      7.97000,      6.16062,M0V,      41.4000,      7.59207,           1,           1,      1.56027,     0.216692,     0.214227,     0.863533
      99825.0,      5.73000,      8.79909,K3V,      72.7469,      4.80992,           2,           1,      1.16577,     0.102906,     0.246243,     0.992585
      100017.,      5.91000,      17.4653,G3V,      61.4769,      2.05908,           2,           1,      2.23070,     0.730757,     0.226525,     0.913105
      100511.,      6.16000,      25.9846,F8V,      53.7031,      2.78461,           2,           1,      3.49124,      2.14974,     0.151805,     0.611916
      100925.,      6.61000,      19.3089,G6/G8V,      45.9747,      2.09224,           2,           1,      2.27593,      1.33968,     0.168866,     0.680687
      101997.,      6.36000,      14.6768,G8/K0V,      51.5175,      4.59673,           2,           1,      1.90850,     0.784043,     0.227637,     0.917585
      102040.,      6.43000,      20.8986,G5V,      48.4913,     0.210873,           2,           1,      2.35483,      1.26241,     0.201936,     0.813988
      102333.,      4.51000,      23.7748,A6:var,      112.137,      2.41264,           3,           1,      1.12425,     0.429875,    0.0832283,     0.335487
      102422.,      3.41000,      14.3547,K0IV,      214.036,      4.96680,           3,           3,     0.708395,    0.0233943,    0.0503044,     0.202773
      102485.,      4.13000,      14.2448,F5V,      135.925,     0.148761,           3,           2,     0.739637,     0.171259,     0.183186,     0.738410
      103096.,      8.55000,      7.04056,M2V,      35.1605,      4.33093,           1,           1,      1.97530,     0.285727,     0.127751,     0.514954
      104214.,      5.20000,      3.49717,K5V,      103.044,      10.2321,           3,           1,     0.598978,    0.0214213,     0.248066,     0.999935
      104217.,      6.05000,      3.49472,K7V,      85.3326,      4.53856,           2,           1,     0.747570,    0.0200624,     0.247365,     0.997110
      105090.,      6.69000,      3.97094,M1/M2V,      70.0674,      10.7658,           2,           1,     0.711406,    0.0238570,     0.247970,     0.999547
      105858.,      4.21000,      9.27192,F6V,      131.733,      143.554,           3,           2,      2.84070,      1.26548,     0.223720,     0.901798
      106440.,      8.66000,      4.96506,M1V,      38.0112,      2.88992,           1,           1,      1.27727,     0.239523,     0.189829,     0.765185
      107350.,      5.96000,      18.1281,G0V,      59.8365,      7.38635,           2,           1,      3.00051,      1.27640,     0.206036,     0.830516
      107556.,      2.85000,      13.6284,A5mF2(IV),      241.769,     0.897394,           3,           3,     0.496721,    0.0139974,    0.0374769,     0.151067
      107649.,      5.57000,      15.5608,G2V,      71.8744,      4.66127,           2,           1,      2.28621,     0.817947,     0.229907,     0.926736
      107975.,      5.52000,      27.1276,F6IVwvar,      71.6637,      1.03356,           2,           1,      3.38726,      1.43056,     0.165593,     0.667494
      108036.,      5.08000,      27.0607,F3IV,      86.9896,     0.417180,           3,           1,      1.39448,     0.524136,    0.0982499,     0.396038
      108870.,      4.69000,      3.63895,K5V,      129.330,      41.2435,           3,           2,     0.632977,    0.0287172,     0.248014,     0.999726
      109176.,      3.77000,      11.7975,F5V,      160.370,     0.963083,           3,           2,     0.663862,     0.117174,     0.187584,     0.756137
      109422.,      4.94000,      18.3527,F6V,      94.0451,      10.7347,           3,           1,      2.44214,      1.25818,     0.178466,     0.719384
      109821.,      6.23000,      22.3764,G5V,      53.3370,     0.758687,           2,           1,      2.50734,      1.11706,     0.191628,     0.772436
      110649.,      5.31000,      20.4540,F9V,      81.9706,      1.90272,           2,           1,      2.90746,     0.746540,     0.195257,     0.787067
      111449.,      5.21000,      22.9455,F7V,      82.6349,     0.967507,           2,           1,      2.79271,      1.12452,     0.182110,     0.734071
      111802.,      9.06000,      8.89942,M0Vpe,      26.8185,      1.85114,           1,           4,      1.63424,      1.55952,     0.128339,     0.517326
      112447.,      4.20000,      16.0258,F7V,      132.506,      10.5719,           3,           2,      1.35377,     0.419129,     0.150999,     0.608667
      113020.,      10.1600,      4.67581,M5,      23.8499,      2.54274,           1,           4,      1.89815,     0.564816,     0.217116,     0.875177
      113283.,      6.48000,      7.60815,K4Vp,      58.0032,      2.16107,           2,           1,      1.10668,    0.0513762,     0.247412,     0.997299
      113296.,      8.68000,      6.86763,M2:,      35.9234,      2.51759,           1,           1,      1.85636,     0.235818,     0.127369,     0.513415
      113357.,      5.45000,      15.4682,G5V,      76.8804,      18.7782,           2,           1,      3.37235,      1.64304,     0.206824,     0.833694
      114046.,      7.35000,      3.28711,M2/M3V,      61.1019,      5.65907,           2,           1,     0.955475,    0.0196993,     0.248049,     0.999868
      114430.,      5.91000,      27.6472,F5IV,      59.8793,      1.87735,           2,           1,      3.66798,      2.14354,     0.159097,     0.641307
      114924.,      5.58000,      20.5503,F7V,      71.0070,      6.11290,           2,           1,      3.42196,      1.79010,     0.191139,     0.770468
      114948.,      5.64000,      20.4599,F7V,      68.5568,      3.49589,           2,           1,      3.36364,      1.78280,     0.209542,     0.844647
      116085.,      6.76000,      16.8768,K2V,      44.5034,      2.56396,           2,           1,      1.81910,     0.945903,     0.168810,     0.680459
      116613.,      6.58000,      22.8411,G5,      45.6728,      1.49749,           2,           1,      1.90568,      1.06604,     0.117994,     0.475625
      116771.,      4.13000,      13.4328,F7V,      137.005,      10.6424,           3,           2,      1.26047,     0.396751,     0.187663,     0.756455
      117473.,      8.98000,      5.90463,M2V,      27.4872,      4.92930,           1,           4,      1.44479,      1.53984,     0.229576,     0.925402
      117712.,      6.36000,      10.9080,K3V,      57.1337,     0.210893,           2,           1,      1.67457,     0.400334,     0.233113,     0.939661
